,Iteration,Fitness,Time,State,pop_size,mutation_prob,Population Size,Mutation Rate
0,0,2604.0046688370826,0.0068542269999625205,"[44 16 21 42 19 26 41 23 48 29 38 18 35 36 11  8 28 12  2 40 43 24  0 30
  5 13 14 37 25  9 32 33 27 49  3 34 10 17  1  7 20 39  4 31 46 45 22  6
 15 47]",10,0.2,10,0.2
1,2,2218.971884248983,0.02818854399998827,"[14 29 16 33 46  4  8 30 26 43  7 22 19 31 38 28 47 17  1  0 12 18 10 13
 32 27  5 11  9 41 20 15 40 34 37 45  6 48 24 44 25 35 39 21 23  2  3 36
 42 49]",10,0.2,10,0.2
2,4,2218.971884248983,0.05001675500000147,"[14 29 16 33 46  4  8 30 26 43  7 22 19 31 38 28 47 17  1  0 12 18 10 13
 32 27  5 11  9 41 20 15 40 34 37 45  6 48 24 44 25 35 39 21 23  2  3 36
 42 49]",10,0.2,10,0.2
3,8,2212.244636405885,0.08799239799998304,"[14 29 16 33 46  4  8 30 26 43 47 22 19 31 38 28  7 17  1  0 12 18 10 13
 32 27  5 11  9 41 20 15 40 34 37 45  6 48 24 44 25 35 39 21 23  2  3 36
 42 49]",10,0.2,10,0.2
4,16,2053.091831345821,0.16642141699998092,"[14 29 34 48 33 46  4 24 44 26 36 43  7 22 19 38 47 40 37 17  9 30 41 13
 18 16  3 31 27 28  1  0 12 10 32  5 11 20 15 45  6  8 25 35 39 21 23  2
 42 49]",10,0.2,10,0.2
5,32,1912.4566044791618,0.3205493539999793,"[14 29 34 48 33 46  4 24 44 10 36 43 28 22 19 38 47 15  8 26 40 37 17  9
 30 41 13 18 16  3 31 27  7  1  0 12 32  5 11 20  6  2 45 25 35 39 21 23
 42 49]",10,0.2,10,0.2
6,64,1646.8761462669863,0.6127236229999653,"[19  7 34 48 14 33 46  4 24 44 21 36 43 28 22 40 47 15  8 26  3 37 17  9
 30  6 13 18 16 38 31 27 29 32  2  1  0 12 41  5 11 20 45 25 35 23 39 10
 42 49]",10,0.2,10,0.2
7,128,1446.0095864951138,1.2079192850000027,"[19  7 34 48 14 33 28 46  4 24 44  3 45 12 36 43 22 40 47 32  8 10 15 26
 37 17  9 30  6 13 18 16 31 27 29 38  5  2  1  0 20 11 41 25 35 23 21 42
 39 49]",10,0.2,10,0.2
8,256,1306.9765569191757,2.3741942629999926,"[19 42  3 48  5 34 14 33 46  4 28 44 22 12 36 43 11 40 47 32  8 10 15 26
 37 17  9 30  6 13 18 16 31 27 29 38 45  2  1  0 20 24 25 41 35 23 21  7
 39 49]",10,0.2,10,0.2
9,512,1117.5263634193627,4.842340447999959,"[19 42 30 34  5 48 14 16 46 40  4 28 44 22 12 33 20 36 43 11 18 32  8 10
  3 26 37 41 39  9 15  6 13 31 27  2 38 45 29  1  0 35 24 47 25 23 21 17
 49  7]",10,0.2,10,0.2
10,1024,1027.9454266739451,10.195141718999992,"[ 3 42 30 34  5  0 14 16 25 40 22 24 44  4 12 11 20 36 43 33 18 48 32  8
 10  6 26 37 41  7  9 15 19 13 31 27  2 38 45 29  1 35 28 46 47 23 21 17
 49 39]",10,0.2,10,0.2
11,2048,882.6763482387236,24.460570194000013,"[30 42  3  1  5 18 12 16 14 35 28 22 24 44  4 11 20 36 43 33  0 48 32  8
 26  6 10 37 41  7  9 19 15 31 13 27  2 29 45 38 34 40 25 47 46 23 21 17
 49 39]",10,0.2,10,0.2
12,0,2604.0046688370826,0.03831142400002818,"[44 16 21 42 19 26 41 23 48 29 38 18 35 36 11  8 28 12  2 40 43 24  0 30
  5 13 14 37 25  9 32 33 27 49  3 34 10 17  1  7 20 39  4 31 46 45 22  6
 15 47]",10,0.4,10,0.4
13,2,2218.971884248983,0.18671692200001644,"[14 29 16 33 46  4  8 30 26 43  7 22 19 31 38 28 47 17  1  0 12 18 10 13
 32 27  5 11  9 41 20 15 40 34 37 45  6 48 24 44 25 35 39 21 23  2  3 36
 42 49]",10,0.4,10,0.4
14,4,2218.971884248983,0.23048012900000003,"[14 29 16 33 46  4  8 30 26 43  7 22 19 31 38 28 47 17  1  0 12 18 10 13
 32 27  5 11  9 41 20 15 40 34 37 45  6 48 24 44 25 35 39 21 23  2  3 36
 42 49]",10,0.4,10,0.4
15,8,2206.746796253591,0.2878446280000162,"[14 29 16 33 46  4  8 30 26 43  7 22 27 31 38 28 47 17  1  0 12 18 10 13
 32 19  5 11  9 41 20 15 40 34 37 45  6 44  3 23 21 42 25 39 49 35 24 48
  2 36]",10,0.4,10,0.4
16,16,2083.1741155974537,0.41805230100004565,"[14 29 16 33 46  4  8 30 26 43  7 22 19 31 27 38 42 47 17  1  0 12 18 10
 13 44  5 11 25 41 24 15 40 34 37 45  6 32  3 23 21 28  9 39 49 35 20 48
  2 36]",10,0.4,10,0.4
17,32,1943.1612001175433,0.6908450070000072,"[14 45 16 33 46  4 47 30 26 43  7 22 29 34 10  8 19 31 13 38 42 17  1  0
 12 18 27 32  5 11 44 25 41 24 15 40 37  6  3 23 21 28  9 39 49 35 20 48
  2 36]",10,0.4,10,0.4
18,64,1660.0791303172161,1.1231894539999985,"[14 29 16 33 46  4 47 30 26 45  2 22  7 34 10  8 19 38 13 31  6 17  1  0
 12 18 27 32  5 48 44 25 41 24 15 40 37 42  3 23 21 28  9 39 49 35 20 11
 43 36]",10,0.4,10,0.4
19,128,1565.0378714225917,2.0630699080000454,"[14 48 16 33 35  4 47 30 26 45  2 22 15 34 10  8 19 38 13 31  6 17  7  0
 12 18 27 32  5 29 44 25 41 24  1 40 37 42  3 23 21 49  9 39 46 28 20 11
 43 36]",10,0.4,10,0.4
20,256,1413.4603211268684,4.583264086000042,"[29 48 16 14 25 35 22  4 47 30  7 45  2 33 12 17 37 10 26 19 38 13 31  6
 15  8  0 18 27  1  5 44 41 24 32 40 34 42  3 23 21 49  9 39 46 28 20 43
 36 11]",10,0.4,10,0.4
21,512,1266.8575260643534,10.927266107000037,"[16 48 29 14 25  4 47 35 22 41 30 32 45  2 33 12 17  3 10 26 19  8 13 31
  6 15 38  0 18 27  1  5 44 24 37 40 34 42  7 23 21 49  9 39 46 28 20 43
 36 11]",10,0.4,10,0.4
22,1024,1048.6383517904378,24.715295782,"[16 33  5 14 25 44 28 24 22 41 30 19 15  2 48 12 32 42  3 10 45  8 13 31
  6 26 27  0 29 38  1 18  4 35 47 40 34  7 17 23 21 46 49  9 39 37 20 36
 43 11]",10,0.4,10,0.4
23,2048,914.1397987398645,34.13782489500005,"[16 33  5 37 25 44 35 24 22 41  3 19 15  8 48 14 32 30 42 10 45 38 29 31
  6 26 27 13  2  0  1 18  4 28 47 40 34 39 17 23 21 46 49  9  7 36 20 43
 12 11]",10,0.4,10,0.4
24,0,2604.0046688370826,0.006336015999977462,"[44 16 21 42 19 26 41 23 48 29 38 18 35 36 11  8 28 12  2 40 43 24  0 30
  5 13 14 37 25  9 32 33 27 49  3 34 10 17  1  7 20 39  4 31 46 45 22  6
 15 47]",10,0.6,10,0.6
25,2,2215.445171391963,0.03109526899999082,"[29 16 33 46  4  8 30 26 43  7 14 22 19 31 38 28 47 17  1 10 12 18  0 13
 32 27  6 11  9 41 20 15 40 34 37 45  5 48 24 44 25 35 39 21 23  2  3 36
 42 49]",10,0.6,10,0.6
26,4,2197.17149032955,0.05466022199999543,"[29 16 33 46  4  8 30 26 43  7 14 22 19 31 38 28 47 17  1 10 13 18 11 44
 25 41 12  5 32 39 23 37 49 21 45 34 36  0  9 42 27  6  2 20 15 40 48 24
 35  3]",10,0.6,10,0.6
27,8,2138.960615341534,0.09309565999996039,"[14 29 16 33 26  4  8 17 46 43 30  7 10 19 31 38 28 22 47  1 12 18  0 13
 32 27  6 11  9 41 20 15 40 34 37 45  5 48 24 44 25 35 39 21 23  2  3 36
 42 49]",10,0.6,10,0.6
28,16,2013.2634756996306,0.16915348699996002,"[29 16 33 46  4 49 30 26 43  7 14 17 10 19 31 38 28 22 47  1 12 18  0 13
 32 27  6  8 34  9 41 15  5 11 20 40 37 45 48 24 44 25 35 39 21 23  2  3
 36 42]",10,0.6,10,0.6
29,32,1933.9159408480114,0.31309926199998017,"[29 16 33 46  4 49 30 26 43  7 14 17 39 19  2  8 15 36 41 10 42 31 38 44
 22 28 47 13  1 12 18 32  0 27  6 34  9  5 11 20 40 37 45 48 24 25 35 21
 23  3]",10,0.6,10,0.6
30,64,1833.57499836196,0.5979254789999686,"[29 16 33 46  4 49 30 38 43  7 14 17 26 10 19 31  1 12 47 28 22  5  0  9
 39  2 13 15  3 18  8 32 27  6 34 41 42 44 36 11 20 40 37 45 48 24 25 35
 21 23]",10,0.6,10,0.6
31,128,1588.014737219164,1.1491990659999942,"[45 16 33 46  4 49 17 30 14 48  8 42  7 19 38 26 10 29 31  1 18 32 43 47
 25 22 24 12 11  0  9 39  2 13 15  3 27  6 34 41 44 36 20 40 37  5 28 35
 21 23]",10,0.6,10,0.6
32,256,1481.1597518732528,2.232203121999987,"[45  1 33 16 32 28  4 49 17 46 35 30  3 19  9 42  7 48 38 26 10 29 31 18
 12 43 47 25 22 24 11  0  8 39 15  2 13 14 27  6 34 41 44 36 20  5 40 37
 21 23]",10,0.6,10,0.6
33,512,1270.5637078387144,4.415392163999968,"[ 5  1 33 16 47 28  4 49 17 46 23 30  3 39  9  7 42 48 38 26 10 29 31 18
 12 43 32 14 41 22 24 11  0  8 19 15  2 45 13 27  6 34 25 44 20 36 35 21
 40 37]",10,0.6,10,0.6
34,1024,1100.07576420496,9.011874395000007,"[ 5  1  0 44  4 28 47 49 17 46 23 30  7 39  9  3 42 48 38  2 26 29 31 18
 33 36 12 43 34 14 41 22 20 11 16  8 19 15 10  6 13 27 45 32 40 24 35 21
 25 37]",10,0.6,10,0.6
35,2048,916.0646600988368,20.79287492499998,"[ 0  1  5 44  4 28 21 46 23 17 39 49  7 30  9 42  8 45 38 29 26 27 31 18
 33 43 12 11 22 14 41 24 20 36 16 48  3 19 15 10  6 13  2 32 34 40 37 25
 47 35]",10,0.6,10,0.6
36,0,2604.0046688370826,0.006648350999967079,"[44 16 21 42 19 26 41 23 48 29 38 18 35 36 11  8 28 12  2 40 43 24  0 30
  5 13 14 37 25  9 32 33 27 49  3 34 10 17  1  7 20 39  4 31 46 45 22  6
 15 47]",10,0.8,10,0.8
37,2,2231.349727248762,0.03269756699995696,"[29 16 33 46  4  8 30 26 43  7 22 19 31 38 28 47 17  1 10 12 18  0 13 32
 27  5 11  9 41 20 15 40 34 37 45  6 48 24 44 25 35 39 21 23 14  2  3 36
 42 49]",10,0.8,10,0.8
38,4,2231.349727248762,0.055616011999973125,"[29 16 33 46  4  8 30 26 43  7 22 19 31 38 28 47 17  1 10 12 18  0 13 32
 27  5 11  9 41 20 15 40 34 37 45  6 48 24 44 25 35 39 21 23 14  2  3 36
 42 49]",10,0.8,10,0.8
39,8,2180.5315451556075,0.1043070489999991,"[14 44 16 33 46  4  8 30 26 43  7 22 19 31 38 28 47 17  1 10 12 18  0 13
 32 42 25 20 40 37 39 45 49 11 35 24 48 29 23 21  3  2 15  9  6 27  5 36
 41 34]",10,0.8,10,0.8
40,16,2146.810290328912,0.21557287099994937,"[14 29 16 33 46 44  4  8 30 26 43  7 22 19 31 38 28 47 17  1 10 12 18  0
 13 32 42 25 35 40 37 39 45 49 11 20 24 48 23 21  3  2 15  9  6 27  5 41
 34 36]",10,0.8,10,0.8
41,32,2106.079689821046,0.39428913199998306,"[14 44 39 33 47  4  8 30 26 43  7 22 19 31 38 29  1 18 28 46 17 10 12  0
 13 32 42 25 35 40 37 16 45 49 11 20 24 48 23 21  3  2 15  9  6 27  5 41
 34 36]",10,0.8,10,0.8
42,64,1736.7628451873934,0.7882916279999677,"[14 44 16 33 43 12 49  8 30 26 39 47  7 22 19 31 38 29  1 18  4 28 46 17
 37  0 13 32 42 25 35 40 10 45 11 20 24 48 23 21  9  3  2 15  6 27  5 41
 34 36]",10,0.8,10,0.8
43,128,1566.4584289913632,1.565169099000002,"[14 44 16 33 43 12 30 47 42 48 26 49 39  7 22 38 19 29 31 13  1 18  4 28
 46 17 37 45 32  8 34 25 35  2 10  0 11 20 24 40 23 21  9  3 15  6 27  5
 41 36]",10,0.8,10,0.8
44,256,1393.3968944209746,4.968719581999949,"[14 44 16 33 43 12 47 24 42  8 26 49 39  7 22 41 38 48 30 19 29 31 13  1
 18  4 28 35 46 21 25 37  2 45 32 34 10  0 11 20 40 23 17  9  3 15  6 27
  5 36]",10,0.8,10,0.8
45,512,1293.1919652628849,8.518666890999953,"[22 44 16 33 43 11 47 24 26  8 42 49 39  7 14 34 48 38 30 19 29  2 13 31
  1 18  4 28 35 46 21 41 25 37 45 32 10  0 12 20 40 23 17  9  3 15  6 27
  5 36]",10,0.8,10,0.8
46,1024,1076.2564589076626,14.518734397999992,"[41 40 16 12 11 43 36 24 35 44 22 14 30  8 42 49 39  7 37 45 38 29 10 19
 26  2 13 31  1 18  4 28 46 21 25 34 48  5  0 33 20 47 23 17  9  3 15  6
 27 32]",10,0.8,10,0.8
47,2048,942.6542252953486,25.46709020999998,"[40 14 16 43 12 20 36 24 22 35 44 41 30  3 42 49 39  7 37 45 38 29  8 10
 15  6 26  2 27 13 31  1  0  5  4 28 46 21 23 25 34 48 18 33 11 47 17  9
 19 32]",10,0.8,10,0.8
48,0,2604.0046688370826,0.007385370999998031,"[44 16 21 42 19 26 41 23 48 29 38 18 35 36 11  8 28 12  2 40 43 24  0 30
  5 13 14 37 25  9 32 33 27 49  3 34 10 17  1  7 20 39  4 31 46 45 22  6
 15 47]",10,1.0,10,1.0
49,2,2231.349727248762,0.03690083300000424,"[29 16 33 46  4  8 30 26 43  7 22 19 31 38 28 47 17  1 10 12 18  0 13 32
 27  5 11  9 41 20 15 40 34 37 45  6 48 24 44 25 35 39 21 23 14  2  3 36
 42 49]",10,1.0,10,1.0
50,4,2121.151887379682,0.07928872999997338,"[29 16 33 46  4  8 30 26 43  7 44 34 10  6 42 49 38  5  0 31 11 35 12 36
 13 20 25 22 48 27 23 17 21 37 45  2  9 19  3 14 28 47  1 18 32 41 15 40
 24 39]",10,1.0,10,1.0
51,8,2121.151887379682,0.154963108000004,"[29 16 33 46  4  8 30 26 43  7 44 34 10  6 42 49 38  5  0 31 11 35 12 36
 13 20 25 22 48 27 23 17 21 37 45  2  9 19  3 14 28 47  1 18 32 41 15 40
 24 39]",10,1.0,10,1.0
52,16,2091.814958323469,0.23899941100000888,"[44 34 10  6 42 29 16 33 46  4  8 30 26 43  7 49 38  5  0 31 11 35 12 36
 13 20 25 22 48 27 23 17 21 37 45  2  9 19  3 14 28 47  1 18 32 41 15 40
 24 39]",10,1.0,10,1.0
53,32,2091.814958323469,0.3901444470000115,"[44 34 10  6 42 29 16 33 46  4  8 30 26 43  7 49 38  5  0 31 11 35 12 36
 13 20 25 22 48 27 23 17 21 37 45  2  9 19  3 14 28 47  1 18 32 41 15 40
 24 39]",10,1.0,10,1.0
54,64,2091.814958323469,0.6814796979999755,"[44 34 10  6 42 29 16 33 46  4  8 30 26 43  7 49 38  5  0 31 11 35 12 36
 13 20 25 22 48 27 23 17 21 37 45  2  9 19  3 14 28 47  1 18 32 41 15 40
 24 39]",10,1.0,10,1.0
55,128,2091.814958323469,1.3850923520000151,"[44 34 10  6 42 29 16 33 46  4  8 30 26 43  7 49 38  5  0 31 11 35 12 36
 13 20 25 22 48 27 23 17 21 37 45  2  9 19  3 14 28 47  1 18 32 41 15 40
 24 39]",10,1.0,10,1.0
56,256,2091.814958323469,2.643781901000011,"[44 34 10  6 42 29 16 33 46  4  8 30 26 43  7 49 38  5  0 31 11 35 12 36
 13 20 25 22 48 27 23 17 21 37 45  2  9 19  3 14 28 47  1 18 32 41 15 40
 24 39]",10,1.0,10,1.0
57,512,2091.814958323469,4.960468977000005,"[44 34 10  6 42 29 16 33 46  4  8 30 26 43  7 49 38  5  0 31 11 35 12 36
 13 20 25 22 48 27 23 17 21 37 45  2  9 19  3 14 28 47  1 18 32 41 15 40
 24 39]",10,1.0,10,1.0
58,1024,2091.814958323469,9.549505613000008,"[44 34 10  6 42 29 16 33 46  4  8 30 26 43  7 49 38  5  0 31 11 35 12 36
 13 20 25 22 48 27 23 17 21 37 45  2  9 19  3 14 28 47  1 18 32 41 15 40
 24 39]",10,1.0,10,1.0
59,2048,2091.814958323469,9.549505613000008,"[44 34 10  6 42 29 16 33 46  4  8 30 26 43  7 49 38  5  0 31 11 35 12 36
 13 20 25 22 48 27 23 17 21 37 45  2  9 19  3 14 28 47  1 18 32 41 15 40
 24 39]",10,1.0,10,1.0
60,0,2604.0046688370826,0.029647044000000733,"[44 16 21 42 19 26 41 23 48 29 38 18 35 36 11  8 28 12  2 40 43 24  0 30
  5 13 14 37 25  9 32 33 27 49  3 34 10 17  1  7 20 39  4 31 46 45 22  6
 15 47]",50,0.2,50,0.2
61,2,2048.1854775073475,0.12466605299999856,"[13 27  2 11 33 28 39 44  9 38  7 26 25 23 16 14  4 20 46 21 30 49 29  1
 18  3 42 45 24  0 15 40 36 43 48  5  8 32 34 37 10  6 22 12 47 41 17 35
 31 19]",50,0.2,50,0.2
62,4,2048.1854775073475,0.21852216299998872,"[13 27  2 11 33 28 39 44  9 38  7 26 25 23 16 14  4 20 46 21 30 49 29  1
 18  3 42 45 24  0 15 40 36 43 48  5  8 32 34 37 10  6 22 12 47 41 17 35
 31 19]",50,0.2,50,0.2
63,8,1980.4512838999979,0.4112036960000296,"[43 22 38  8 13 27  2 11 33 28 17 44  9  7 26 25 23 35 20 18  1 39 16 14
  4 45 46 21 34 10  6 42 49 30  5  0 31 12 36 48 29 37 19  3 40 24 32 41
 15 47]",50,0.2,50,0.2
64,16,1803.8727533888,0.7892160609999905,"[43  6 29  8 13 27  2 11  3 22  1 31 26 14  5 47 46  7 35 44 34 10  0 42
 30 33 28 17 39  9 16 20 12 25  4 36 48 40 41 45 18 38 15 49 19 37 32 23
 21 24]",50,0.2,50,0.2
65,32,1652.034955610794,1.5037765779999859,"[43  0 38  8 13 27  2 11 33 28 17 44 22  5  3  1 31 26 14 47 46  7 35 34
 10  6 42 30  4 16 12 36 20 40 29 48 24 37 45 18 41 39  9 25 23 21 49 15
 19 32]",50,0.2,50,0.2
66,64,1580.1441932598666,3.6426216870000303,"[40  0 38 10 13 27  6  2 43 11 36 28 49 22 18 29 45  1 31 26 14  5  3 47
  7 46 35 44 48  8 42 30 17 39  9 16 20 12 25  4 33 34 41 37 15 19 32 23
 21 24]",50,0.2,50,0.2
67,128,1442.7692852015084,8.509369784,"[40  5  0 38  8 10 13 27  6 29 26 11 36 33 43 16 22 18 45  1 31  2 14 48
  7 46 35 44 25 42 30 17 39  9 49 20 12 47  4 34 28 41 24 37  3 15 32 19
 23 21]",50,0.2,50,0.2
68,256,1231.6792023988346,15.54343961799998,"[40 14  5  0 38  8 10 13 27  6 29 26 11 36 33 43 22 48 45 32 12 16 18  1
 31  2  7 46 21 44 25 42 49 17 23 39  9 30 20 47  4 28 35 24 15 19  3 34
 41 37]",50,0.2,50,0.2
69,512,1074.5477056938328,33.086546321000014,"[40 14  5  0 48  8 10 32 27 13  6 29 34 11 16 12 20 36 33 43 22 38 45 26
 18  1 31  2  7 46 21 44 25 37 42 49 17 23 39  9 30  3 19 15 47  4 28 35
 24 41]",50,0.2,50,0.2
70,1024,971.1474887157715,67.005753035,"[40 14  5  0 48  8 10 26 27 13  2 29 38 34 33 16 12 20 36 11 43 22 32 45
 18  1 31  6 42 46 21 44 25 37  7 49 17 23 39  9 30  3 19 15 47 35 28  4
 24 41]",50,0.2,50,0.2
71,2048,893.4434051332273,137.81237064699997,"[40 34  5  0 29  8 10 26 27 13 31  6  2 38 48 33 16 12 20 36 11 43 22 14
  1 18 45 32 47 46 21 44 25 37  7 49 17 23 39  9 30 19 15  3 42 35 28  4
 24 41]",50,0.2,50,0.2
72,0,2604.0046688370826,0.04993747599996823,"[44 16 21 42 19 26 41 23 48 29 38 18 35 36 11  8 28 12  2 40 43 24  0 30
  5 13 14 37 25  9 32 33 27 49  3 34 10 17  1  7 20 39  4 31 46 45 22  6
 15 47]",50,0.4,50,0.4
73,2,2048.1854775073475,0.1807735730000104,"[13 27  2 11 33 28 39 44  9 38  7 26 25 23 16 14  4 20 46 21 30 49 29  1
 18  3 42 45 24  0 15 40 36 43 48  5  8 32 34 37 10  6 22 12 47 41 17 35
 31 19]",50,0.4,50,0.4
74,4,2048.1854775073475,0.30849644800002807,"[13 27  2 11 33 28 39 44  9 38  7 26 25 23 16 14  4 20 46 21 30 49 29  1
 18  3 42 45 24  0 15 40 36 43 48  5  8 32 34 37 10  6 22 12 47 41 17 35
 31 19]",50,0.4,50,0.4
75,8,2048.1854775073475,0.5834887820000176,"[13 27  2 11 33 28 39 44  9 38  7 26 25 23 16 14  4 20 46 21 30 49 29  1
 18  3 42 45 24  0 15 40 36 43 48  5  8 32 34 37 10  6 22 12 47 41 17 35
 31 19]",50,0.4,50,0.4
76,16,2037.9396994019357,1.1323325109999587,"[13 27  2 40 46 36  9 49 19 15 29 18 11 28 33 17 21 23 25  1 10 34 35 26
 30  0 44 39 43  4 47 24 14 38 22 37 48 16  6  5 42  3 41 31 12 20  8 45
 32  7]",50,0.4,50,0.4
77,32,1778.573735555432,2.242246342000044,"[ 0 34 40 46 44 41 45 42 25  5 49  7 37 47  6 13 27  2 36  9 19 15 29 18
 11 26 31 17 21 23  1 35 28 30 39 43  4 24 14 38 22 33 16 12 20 48 10  8
  3 32]",50,0.4,50,0.4
78,64,1656.02381870422,4.480231206999974,"[47 46 25 41 45  1 33  2  0 34 40 44 42 36  5 49  7 37  6 13 27  9 19 15
 29 18 11 26 31 17 21 23 35 28 30 39 43  4 24 14 38 22 16 12 20 48 10  8
  3 32]",50,0.4,50,0.4
79,128,1476.2806062331156,8.891319909999993,"[21 46 44 41 45  0 34 40 42 25  5 43 16 20  4 47 24 35 36  7 37 49  6 13
 27  2 31  1 33 11 12 28 39  9 30 32 10 26 38 15 29 18 17 23 14 22 48  8
 19  3]",50,0.4,50,0.4
80,256,1309.9335448390398,17.22849032299996,"[21 46 44 41 14 45  0 34 40  7 25  5 16 43 20  4 28 24 35 47 32 37 49  6
 13 27  2 31  1 33 11 12 36 39  9 30 42 10 26 38 29 18 48  3 15 17 23 22
  8 19]",50,0.4,50,0.4
81,512,1046.3413855369786,34.46698828399997,"[21 46 49 25 44 41 14 45  0 18 37  7 34  5 16 43 20  4 28 24 35 47 40 32
 29  6 13 27  2 31  1 33 11 12 36 22 48 15  3 39  9 30 42 10 26 38  8 19
 17 23]",50,0.4,50,0.4
82,1024,939.0701393078664,72.92528969900002,"[21 46 47 25 44 41 14 18  0 45 37 40 34  5 16 43 20  4 28 24 35 49  7 32
 38 29  6 13 27  2 31  1 33 11 12 36 22 48 26 15 19  9 30 42  3 10  8 39
 17 23]",50,0.4,50,0.4
83,2048,879.079156792664,148.343713933,"[21 46 47 25 44 41  5 18  0 48 32 40 34 14 22 43 20 24 28  4 35 39  7 37
 38 29 26 13 27 31  2  1 33 11 12 36 16 45  6 15 19  9 30 42  8 10  3 49
 17 23]",50,0.4,50,0.4
84,0,2604.0046688370826,0.055204252000066845,"[44 16 21 42 19 26 41 23 48 29 38 18 35 36 11  8 28 12  2 40 43 24  0 30
  5 13 14 37 25  9 32 33 27 49  3 34 10 17  1  7 20 39  4 31 46 45 22  6
 15 47]",50,0.6,50,0.6
85,2,2048.1854775073475,0.268503082000052,"[13 27  2 11 33 28 39 44  9 38  7 26 25 23 16 14  4 20 46 21 30 49 29  1
 18  3 42 45 24  0 15 40 36 43 48  5  8 32 34 37 10  6 22 12 47 41 17 35
 31 19]",50,0.6,50,0.6
86,4,2011.8983457878728,0.4389608130001079,"[47 22 34 21 11 16 14 48 12 33 35  8 44 24 37 42 30 36  5  6 13 10 28 40
 49  1 29  0  4 25 39  2 15  3 38 27 26 31 43 20  7 32 17 23 46 45 18 19
 41  9]",50,0.6,50,0.6
87,8,1970.0285687436133,0.7273264860000381,"[44 34 10  6 42 27 38 30  4  5  0 31 13  2 11 33 28 39  9  7 26 25 23 16
 14 20 46 21 49 29  1 18  3 45 24 15 40 36 43 48  8 32 12 35 37 22 17 19
 41 47]",50,0.6,50,0.6
88,16,1929.695125069546,1.3014893240000447,"[ 0 34 27 38 40 30  2 13 47 11 33 28 39 44  9 15  7 26 25 23 16 14  4 20
 46 21 49 29  1 18  3 42 45 24 36 43 48  5  8 10 32 22 35 41 17 37 19  6
 31 12]",50,0.6,50,0.6
89,32,1628.4516805376188,3.2195036800000025,"[13 27  2 11 33 28 44 34 10  6 42 15 17 39  9  7 37 25 23 16 14  4 12 20
 38 48 46 21 19 49 29  1 18  3 45 26  0 40 30 47 24 36 43  5  8 32 22 35
 41 31]",50,0.6,50,0.6
90,64,1552.7606076818595,6.204915490000076,"[44 34 10  6 26 15 27 13  2 12 48 11 33 28 39  9 42 30  7 41 25 23  5 20
 16 32 14  4 21 46 49 29  1 18 31  0 38 47 17 19  3 45 37 40 24 36 43  8
 22 35]",50,0.6,50,0.6
91,128,1433.9316935394215,12.592311779000056,"[44 34 10  6 26  8 27 13  2 31 48 11 33 32 39  9 38 42 30  7 41 47  3 28
 23 25 36 12 20 16  0 14  4 21 46 49 17 37 18  1 29  5 19 15 45 40 24 43
 22 35]",50,0.6,50,0.6
92,256,1208.066460341128,23.20245416700004,"[44 41 34 10  6 26  8 27 13  2 29 31 48 11 33 32 39  9 15 42 19  3 40 30
  7 25 28 23 17 37 47 24 36 43 12 20 16  0 14  4 21 46 49 38 45 18  1  5
 22 35]",50,0.6,50,0.6
93,512,1012.1400514567168,44.03005758400002,"[44 41 34 42 10  8 26  6 27 13  2 31 29 45 32 40 33 11 37  9 15 19  3 30
  7 21 46 23 17 39 49 24 36 43 12 20 16  0 14  4 28 25 47 38 48  1 18  5
 22 35]",50,0.6,50,0.6
94,1024,938.1562631674584,75.80424590200005,"[44 41 34 42 10  8 26  6 31 13  2 27 29 48 32 38 33 16 40 37  9 15 19  3
 30  7 21 46 23 17 49 39 35 36 43 12 20 11  5  4 28 47 25 14 45  0  1 18
 22 24]",50,0.6,50,0.6
95,2048,792.8699124743817,137.63415419600005,"[44 41 40  3 10  8 26  6 27 31 13  2 29 38 45 32 48  5 34 37  9 15 19 42
 30  7 21 46 23 17 49 39 47 36 20 12 43 11 16 18  1 33  0 14 35 28  4 24
 22 25]",50,0.6,50,0.6
96,0,2604.0046688370826,0.04098695899995164,"[44 16 21 42 19 26 41 23 48 29 38 18 35 36 11  8 28 12  2 40 43 24  0 30
  5 13 14 37 25  9 32 33 27 49  3 34 10 17  1  7 20 39  4 31 46 45 22  6
 15 47]",50,0.8,50,0.8
97,2,2048.1854775073475,0.18161116399994626,"[13 27  2 11 33 28 39 44  9 38  7 26 25 23 16 14  4 20 46 21 30 49 29  1
 18  3 42 45 24  0 15 40 36 43 48  5  8 32 34 37 10  6 22 12 47 41 17 35
 31 19]",50,0.8,50,0.8
98,4,2048.1854775073475,0.3272718639999539,"[13 27  2 11 33 28 39 44  9 38  7 26 25 23 16 14  4 20 46 21 30 49 29  1
 18  3 42 45 24  0 15 40 36 43 48  5  8 32 34 37 10  6 22 12 47 41 17 35
 31 19]",50,0.8,50,0.8
99,8,2036.9417534296826,0.5771996720000061,"[13 27  2 11 33 28 39 44  9 38  7 26 25 23 16 14  4 20 46 21 30 49 29  1
 18  3 42 45 24  0 15 40 36 43 48  5  8 32 34 37 10  6 22 12 47 19 41 35
 17 31]",50,0.8,50,0.8
100,16,1988.2523210470385,1.0439974170000141,"[13 27  2 11 33 28 39 44  9 38  7 26 25 23 16 14  4 20 46 21 30 49 29  1
 18  3 42 45 24  0 15 40 36 43 48  5  8 32 34 37 10  6 22 12 47 41 17 35
 19 31]",50,0.8,50,0.8
101,32,1842.6341180541308,1.9930322859999023,"[13 27  2 16 11 33 28 39 44  9 38  7 26 25 23 14  4 20 46 21 47 35 45 18
  1 48 30 49 29  3 42 24  0 15 40 36 43  5  8 32 34 37 10  6 22 12 41 17
 19 31]",50,0.8,50,0.8
102,64,1500.6960412031508,3.864112709999972,"[13 27  2 11 33 16 28  5 44 39  9 17  7 26 41 25 23 14  4 20 46 21 47 35
 38  0 18 45  1 48 30 19 15 49 29  3 42 22 24 40 36 43 12  8 32 34 37 10
  6 31]",50,0.8,50,0.8
103,128,1378.476957437448,7.511387159999913,"[13 27  2 16 11 33  5 26 28 44 39  9 17  7 25 23 41 14  4 20 46 21 47 35
 18 45 38  0  1 48 30 49 10 29  3 42 19 15  8 32 24 40 37 36 43 12 22 34
  6 31]",50,0.8,50,0.8
104,256,1239.963794763045,14.997145321999938,"[13 27  2 26 11 12 33 16  5 28 24 44 39  9 17  7 22 25 14 41 37  4 43 23
 46 21 47 35 18 45 38  0  1 48 42 30 49 29 10  3 19 15  8 32 40 34 36 20
  6 31]",50,0.8,50,0.8
105,512,973.659329514421,29.927094911999916,"[13 27  2 26  1 11 12 33 20 16 43 36 41 22 24 44 39 49  7  9 17 25 28  4
 14 40 37 23 46 21 47 35 18 45 38  0 48 29 10 42 30  3 19 15  8 32 34  5
  6 31]",50,0.8,50,0.8
106,1024,881.7773454302987,61.252908694999974,"[13 27  2 26 45 38 12 33 20 11 16 43 36 44 22 14 41 17 49  9  7 39 25 35
 28  4 24 40 37 23 46 21 47  5  1 18  0 48 29  8 10 42 30 32 34  3 19 15
  6 31]",50,0.8,50,0.8
107,2048,835.9884105898559,121.98778686599996,"[13 27  2 26 45 38  0 16 11 33 20 12 43 36 22 44 14 41 17 49  9  7 37 25
 35 28  4 24 40 39 23 21 46 47  5 18  1 48 29  8 10 42 30 32 34  3 19 15
  6 31]",50,0.8,50,0.8
108,0,2604.0046688370826,0.03566746800004239,"[44 16 21 42 19 26 41 23 48 29 38 18 35 36 11  8 28 12  2 40 43 24  0 30
  5 13 14 37 25  9 32 33 27 49  3 34 10 17  1  7 20 39  4 31 46 45 22  6
 15 47]",50,1.0,50,1.0
109,2,2048.1854775073475,0.1419006899999431,"[13 27  2 11 33 28 39 44  9 38  7 26 25 23 16 14  4 20 46 21 30 49 29  1
 18  3 42 45 24  0 15 40 36 43 48  5  8 32 34 37 10  6 22 12 47 41 17 35
 31 19]",50,1.0,50,1.0
110,4,2048.1854775073475,0.26240764299996044,"[13 27  2 11 33 28 39 44  9 38  7 26 25 23 16 14  4 20 46 21 30 49 29  1
 18  3 42 45 24  0 15 40 36 43 48  5  8 32 34 37 10  6 22 12 47 41 17 35
 31 19]",50,1.0,50,1.0
111,8,2020.6888781400305,0.4775594779999892,"[43 22 38  8 31 13 27  2 11 33 28 39 44  9  7 26 25 23 16 14  4 29 46 37
 40 49 30 35 34  5 42 19 47 17  1 10 12 18  0 41 45 48 15  3  6 32 20 36
 21 24]",50,1.0,50,1.0
112,16,1959.7528948192291,0.9432571849999931,"[37 40 28  4 44 34 10  6 42 49 38 43 22  8 31 13 27  2 11 33 39  9  7 26
 25 23 16 14 20 46 21 47 30 29  1 18  3  0 15 24 45 32 36 48 12 35  5 19
 17 41]",50,1.0,50,1.0
113,32,1743.6970225607724,1.8324695290000363,"[37 40 28  4 44 34 10  6 43 22 38  8 31 13 27  2 11 33 39 42 49  9  7 26
 25 23 16 14 20 46 21 47 30 29  1 18 36 48 12 35 24  5  3 45  0 15 19 32
 17 41]",50,1.0,50,1.0
114,64,1612.1218422716381,3.6905168560000448,"[37 40 28  4 43 22 44 38  8 31 13 27  2 11 33 34 10  6 42 39 49  9  7 26
 23 46 25 16 14 20 21 47 30 29  1 18 36 48 12 35 24  5  3 45  0 32 15 19
 17 41]",50,1.0,50,1.0
115,128,1612.1218422716381,7.230552654999997,"[37 40 28  4 43 22 44 38  8 31 13 27  2 11 33 34 10  6 42 39 49  9  7 26
 23 46 25 16 14 20 21 47 30 29  1 18 36 48 12 35 24  5  3 45  0 32 15 19
 17 41]",50,1.0,50,1.0
116,256,1612.1218422716381,15.264781133000042,"[37 40 28  4 43 22 44 38  8 31 13 27  2 11 33 34 10  6 42 39 49  9  7 26
 23 46 25 16 14 20 21 47 30 29  1 18 36 48 12 35 24  5  3 45  0 32 15 19
 17 41]",50,1.0,50,1.0
117,512,1612.1218422716381,29.860339651000004,"[37 40 28  4 43 22 44 38  8 31 13 27  2 11 33 34 10  6 42 39 49  9  7 26
 23 46 25 16 14 20 21 47 30 29  1 18 36 48 12 35 24  5  3 45  0 32 15 19
 17 41]",50,1.0,50,1.0
118,1024,1612.1218422716381,59.400429551,"[37 40 28  4 43 22 44 38  8 31 13 27  2 11 33 34 10  6 42 39 49  9  7 26
 23 46 25 16 14 20 21 47 30 29  1 18 36 48 12 35 24  5  3 45  0 32 15 19
 17 41]",50,1.0,50,1.0
119,2048,1612.1218422716381,61.57904424000003,"[37 40 28  4 43 22 44 38  8 31 13 27  2 11 33 34 10  6 42 39 49  9  7 26
 23 46 25 16 14 20 21 47 30 29  1 18 36 48 12 35 24  5  3 45  0 32 15 19
 17 41]",50,1.0,50,1.0
120,0,2604.0046688370826,0.07596312900000157,"[44 16 21 42 19 26 41 23 48 29 38 18 35 36 11  8 28 12  2 40 43 24  0 30
  5 13 14 37 25  9 32 33 27 49  3 34 10 17  1  7 20 39  4 31 46 45 22  6
 15 47]",100,0.2,100,0.2
121,2,2048.1854775073475,0.32899496799996086,"[13 27  2 11 33 28 39 44  9 38  7 26 25 23 16 14  4 20 46 21 30 49 29  1
 18  3 42 45 24  0 15 40 36 43 48  5  8 32 34 37 10  6 22 12 47 41 17 35
 31 19]",100,0.2,100,0.2
122,4,2048.1854775073475,0.5777393749999646,"[13 27  2 11 33 28 39 44  9 38  7 26 25 23 16 14  4 20 46 21 30 49 29  1
 18  3 42 45 24  0 15 40 36 43 48  5  8 32 34 37 10  6 22 12 47 41 17 35
 31 19]",100,0.2,100,0.2
123,8,2013.7199904059376,1.077591075999976,"[45 37  7  2  0 48 34 44 39  5 25 19 43 49 42  9 13 21 23 27  8 17 46 35
 28 20 38 32 18 14 40 22 33 26 30 11  4 47 24 41 10 29 31  6  3 16 36 12
  1 15]",100,0.2,100,0.2
124,16,1949.5950235413613,2.1050284609999608,"[47 21 23  3 45 11 41 30 43 18 32  1  0 35 39 42  7 25 14 37  2 48 34 44
 49  5 19  9 13 27  8 17 46 28 20 38 40 22 33 26  4 24 10 29  6 31 36 12
 16 15]",100,0.2,100,0.2
125,32,1694.7892357023782,4.094537179999975,"[11 12 35 13 27  2 33 28 39 49  9  7 21 47 46 23 14  8 45 36  4 25  5 16
 10 43 32 48 26  3 15 41 44 18  1  0 34 42 24 22 17 37 29  6 38 40 30 19
 31 20]",100,0.2,100,0.2
126,64,1534.1720658977679,8.24503924499993,"[13 27  2  8 47 21 46 23 35 42 11 12 28 39 49  9 17  7 48 33 10 30  3  6
 38 25 43 18 32  1  0 41 14 24 40 34 22 44  4  5 31 16 36 20 37 45 29 19
 26 15]",100,0.2,100,0.2
127,128,1122.045754290251,16.474416238999993,"[ 3 31 13 27  2  8  6 30 37 47 21 46 23 35 36 11 12 28 39 49  9 17  7 42
 34 48  5  1  0 33 16 20 22 25  4 14 18 43 44 40 24 41 32 10 38 45 29 26
 15 19]",100,0.2,100,0.2
128,256,1103.4765724496588,32.44032761999995,"[ 3 31 13 27  2  8  6 30 37 47 21 46 23 35 36 11 12 28  4 39 49  9 17  7
 42 34 48  5 43 24  1 10 45  0 18 16 33 20 22 44 14 25 40 41 32 38 29 26
 15 19]",100,0.2,100,0.2
129,512,971.55719593656,64.336770763,"[ 3 31 13 27  2  8  6 26 10 30 17 23 21 46 47 35 36 11 12 28  4 39 49  9
 37  7 42 34 48  5 43 20  1 45  0 18 16 33 24 22 44 25 14 40 41 32 38 29
 15 19]",100,0.2,100,0.2
130,1024,930.5089201544563,128.39375750399995,"[ 3 31 13 27  2 26  6  8 15 19 30 37 23 21 46 47 35 36 12 11 28  4 17 49
 39  9  7 42 34 48  5 43 20  0 45  1 18 16 33 24 22 44 25 41 40 14 32 38
 29 10]",100,0.2,100,0.2
131,2048,846.4925488374322,259.4189243579999,"[26  6 31 13 27  2 29  8 19 15  3 30 37 23 21 46 47 35 36 12 20 28  4 17
 39 49  9  7 42 34 48  5 43 11  0  1 18 33 16 24 22 44 25 41 14 40 32 38
 45 10]",100,0.2,100,0.2
132,0,2604.0046688370826,0.08121401099992909,"[44 16 21 42 19 26 41 23 48 29 38 18 35 36 11  8 28 12  2 40 43 24  0 30
  5 13 14 37 25  9 32 33 27 49  3 34 10 17  1  7 20 39  4 31 46 45 22  6
 15 47]",100,0.4,100,0.4
133,2,2042.3475700524077,0.32408715299993673,"[42 45 37  4 29  2 44 22 17  1 26  8 13 27 11 33 28 39  9 38  7 25 23 16
 14 47 46 21 30 49 18  3 24  0 15 40 36 43 48  5 32 34 10  6 12 20 41 35
 31 19]",100,0.4,100,0.4
134,4,2042.3475700524077,0.5722251350000533,"[42 45 37  4 29  2 44 22 17  1 26  8 13 27 11 33 28 39  9 38  7 25 23 16
 14 47 46 21 30 49 18  3 24  0 15 40 36 43 48  5 32 34 10  6 12 20 41 35
 31 19]",100,0.4,100,0.4
135,8,2004.089716132099,1.0806717590000972,"[24 40 19 37  1 43  4 22 47 28 23 30 31 48 26 46 17 15  8  0 42 11 36 18
 32 34 45 49  7 25 14 39  9 29 35 44 10 41 16 38  2  6  5 20 27 13  3 21
 12 33]",100,0.4,100,0.4
136,16,1832.101312071102,2.092082797000103,"[14 25 44  8 41 22 12  5 19 32  7 39 23 37 18 16 48 34 33 35 45  0 29  4
 20 43 11 30  6 42 10 40 24 17 47 28 46  9 21 49 36  1 27 13  2 31  3 38
 26 15]",100,0.4,100,0.4
137,32,1734.3993526929214,3.9787566709999282,"[24 40 19 37 14 25 44 46 49  9 17 30 32 22 21 38 42  7 45  3 29  2 26  1
 33 13 27 34  8 28 39 23 47 41  4 18 31 43 36 11  6  5 12 16 20  0 48 10
 15 35]",100,0.4,100,0.4
138,64,1609.0810984870209,7.922039301000041,"[44 38 26 32 29 13 14 25  8 41 22 37 30 49  9 17 46 21 23 35 27  2 11 33
  1  4 28 40 19 24  7 39 36 43 18  0 34 45 42  3 47 31  6 10 15 48  5 16
 20 12]",100,0.4,100,0.4
139,128,1334.524598808729,15.772762121999904,"[14 25 44 46 39 26 32 29 13 27  2 11 33 28  4 37 40 34  8 41 22 35 17 49
  9 30  3 42 19  7 21 23 47 20  5 43 24 38 45  1 16 12 36 18  0 31  6 15
 10 48]",100,0.4,100,0.4
140,256,1215.272325003511,31.288871769000025,"[42 30 14 25 44 46 39 26 32 29 13 27  2 38  5 33 28  4 37 40 34  8 41 22
 35 17 49  9  3 19  7 21 23 47 20 11 36 24 48 45  1 16 12 43 18  0 31  6
 15 10]",100,0.4,100,0.4
141,512,1120.1612230632097,62.17233516500005,"[42 30 37 25 44  7 39 26  8 29 13 27  2 38  5 33 28  4 22 40 34 32 41 14
 35 17 49  9  3 19 46 21 23 47 20 11 36 24 48 45  1 16 12 43 18  0 31  6
 15 10]",100,0.4,100,0.4
142,1024,971.594389413004,146.30969300800007,"[42 30 37 25 44  7 39 19 15 26  8 29 13 27  2 38  5 22 28  4 14 40 34 32
 41 24 35 17 49  9  3 46 21 23 47 36 12 20 11 16 43 33 48 45  0 18  1 31
  6 10]",100,0.4,100,0.4
143,2048,825.3438742221384,310.092411548,"[32  3 42 30 37 44 25  7  9 19 15 10  8 26 13 27 31  6 38  5 22 28  4 14
 40 34 41 24 35 47 17 49 39 46 21 23 36 12 20 43 11 16 33 18  0  1  2 29
 45 48]",100,0.4,100,0.4
144,0,2604.0046688370826,0.10120720200006872,"[44 16 21 42 19 26 41 23 48 29 38 18 35 36 11  8 28 12  2 40 43 24  0 30
  5 13 14 37 25  9 32 33 27 49  3 34 10 17  1  7 20 39  4 31 46 45 22  6
 15 47]",100,0.6,100,0.6
145,2,2048.1854775073475,0.4256026580001162,"[13 27  2 11 33 28 39 44  9 38  7 26 25 23 16 14  4 20 46 21 30 49 29  1
 18  3 42 45 24  0 15 40 36 43 48  5  8 32 34 37 10  6 22 12 47 41 17 35
 31 19]",100,0.6,100,0.6
146,4,2048.1854775073475,0.753052420000131,"[13 27  2 11 33 28 39 44  9 38  7 26 25 23 16 14  4 20 46 21 30 49 29  1
 18  3 42 45 24  0 15 40 36 43 48  5  8 32 34 37 10  6 22 12 47 41 17 35
 31 19]",100,0.6,100,0.6
147,8,1954.1568390204911,1.3838941470000918,"[13 27  2 11 33 28 39 44  9 38 19 26 25 23 16 14  4 20 46 21 30 49 29  1
 18  3 42 45 24  0 15 40 36 43 48  5  8 32 34 37 10  6 22 12 47 41 17 35
  7 31]",100,0.6,100,0.6
148,16,1892.292476674975,2.6538742320001347,"[ 6 13 31 16 44 34 38 25 42 49  2 27 11 20 33 30  0 26 19 39 35  4 47 24
 41 10 29 17  9  8  7  3 23  1 48 32 46 21 22 37 28 15 45  5 18 40 43 12
 36 14]",100,0.6,100,0.6
149,32,1595.762978216028,5.869587994000085,"[44 34 38  6 13 27  2 31 11 20 33 28 39 49 30  0 26 19 35 25  4 24 41 10
 29 47 37 40 43 22 12  8 48  1 16 21 23 46 17 15 42  9  3 45  5 18  7 32
 14 36]",100,0.6,100,0.6
150,64,1375.85085441919,11.52355374700005,"[44 34 38  6 13 27  2 31 11 20 33 28 39 49 30  0 26 19 37 40 25 35  4 22
 47 24 12 43 10  8 45 29  5  1 16 21 23 46 17 15 42  7  9  3 48 18 32 41
 14 36]",100,0.6,100,0.6
151,128,1265.1095088080035,21.391058703999988,"[44 34 38  6 13 27  2 31  0 36 20 33 28  4 41 40 39 49  7 45 26 19 37 25
 35 22 47 24 12 43 11 18 30 32  8 29  5  1 16 21 23 46 17 15 42  9  3 10
 48 14]",100,0.6,100,0.6
152,256,1120.3928427308922,41.264573933000065,"[44 34  0  6 13 27  2 31 45 33 12 43 20 16 11 36 28  4 47 40 39 49  7 38
 26 19 30 37 25 35 22 41 24  5 10  8 29 18  1 21 23 46 17  9 42  3 15 48
 32 14]",100,0.6,100,0.6
153,512,1001.265984740456,81.73268749800013,"[44  5 38 31 13 27  6  2 45  0 33 11 16 43 20 12 36 28  4 41 40 39 49  7
 26 19 30 37 25 47 35 24 22 34 10  8 48 18  1 21 23 46 17  9 42  3 15 29
 32 14]",100,0.6,100,0.6
154,1024,870.1933649301711,160.87604614099996,"[40 34 38 31 13 27 29  8 26  6  2 45  0 33 11 16 43 12 20 36 28  4 41 44
 39 49  7 42 30 37 25 47 35 24 22  5 48 18  1 23 21 46 17  9 19 15  3 10
 32 14]",100,0.6,100,0.6
155,2048,811.1094691334433,309.38668888100005,"[41 40 34 48 38  2 31 13 27  6  8 29 26 45  0 18 33 16 11 12 20 43 36 28
  4 35 39 49  7 30 42 37 25 47 44 24 22  1  5 46 21 23 17  9 19 15  3 10
 32 14]",100,0.6,100,0.6
156,0,2604.0046688370826,0.1383211330000904,"[44 16 21 42 19 26 41 23 48 29 38 18 35 36 11  8 28 12  2 40 43 24  0 30
  5 13 14 37 25  9 32 33 27 49  3 34 10 17  1  7 20 39  4 31 46 45 22  6
 15 47]",100,0.8,100,0.8
157,2,2048.1854775073475,0.8487487919999239,"[13 27  2 11 33 28 39 44  9 38  7 26 25 23 16 14  4 20 46 21 30 49 29  1
 18  3 42 45 24  0 15 40 36 43 48  5  8 32 34 37 10  6 22 12 47 41 17 35
 31 19]",100,0.8,100,0.8
158,4,1985.8758854873342,1.1103466720001052,"[42 38 14 24 18  2 39 46 35 47 21 23  3 45 11 41 30 19  6 34 29 20 13 27
 15 37 49 44  9 22 17  1  5 12 16 33  0 10  7 31 28 40 25 36  4 43 26  8
 32 48]",100,0.8,100,0.8
159,8,1973.5996125612942,1.6545815179999863,"[42 38 14 24 18  2 39 46 35 47 21 23  3 45 11 41 30 19  6 34 29 20 13 27
 15 37 49 44  9 22 17  1  5 12 16 33  0 10  7 31 43 32 25 40 36 28  4 48
  8 26]",100,0.8,100,0.8
160,16,1822.7192579686484,3.546140701000013,"[43 18 32  1  0 34 45 35 49 42  5 13 27  2 11 33 28 39 44  9 38  7 26 15
 23 17 41 47  4 25 37 21 46 29 14 22  8 19 16 20 12 24 40 10  3 30 48 31
  6 36]",100,0.8,100,0.8
161,32,1789.4329323748107,6.522337593999964,"[13 27  2 11 33 28 47 43 18 42 38 14 24 39 21 23  7 46  4 37 49 35 44  9
 26 34  5 20 17 41  3 29  8  6 32  1  0 45 25 16 30 15 10 19 22 36 12 40
 48 31]",100,0.8,100,0.8
162,64,1547.7794980442113,12.315585429000066,"[13 27  2 45 11 43 18 32  5  1  0 34 35 49 42  7 25 47 14 39  9 12 33 28
 44 38 26 15 24 23 17 41  4 16 20 46 21 37  3 30 19  6 29  8 10 40 36 22
 48 31]",100,0.8,100,0.8
163,128,1367.4806647453252,25.380414058000042,"[13 27  2 45 11 43 18  5  0  1 32 34 35 49 30 42  7 14 44 25 39  9 12 33
 28 41 38 26  6 24 23 17 47  4 16 20 36 46 21 37  3 19 15 29  8 10 40 22
 48 31]",100,0.8,100,0.8
164,256,1184.5585686877666,42.833786191999934,"[13 27  2  1 11 43 18  5  0 45 32 34 28 35 30 42  7 41 14 44 25 39 49  9
 12 33 38 29  6 26  8 40 24 23 17 47  4 16 20 36 22 46 21 37  3 19 15 10
 48 31]",100,0.8,100,0.8
165,512,1056.0446488853095,76.49546344700002,"[13 27  2 45  1  5 33 16 11 43 20 12 18  0 32 34 28 35 30 42  7 41 14 44
 25 39 49  9 40 38 29 26  6  8 48 24 23 17 47  4 36 22 21 46 37  3 19 15
 10 31]",100,0.8,100,0.8
166,1024,943.184622922598,136.4351598610001,"[13 27  2 45  1  0  5 33 16 11 43 36 20 12 18 48 32 34 22 35 40 30 42  7
 41 14 44 24 25 39 49  9 38 29 26  6  8 46 21 17 23 47  4 28 37  3 19 15
 10 31]",100,0.8,100,0.8
167,2048,808.6586390246155,256.2287229400001,"[13 27  2 45 38 48  0  1 18 33 11 43 36 20 12 16  5 32 34 37 40 14 42 30
  7 41 35 44 25 47 39 49  9  6 26 29  8 10 17 21 23 46 28  4 24 22  3 19
 15 31]",100,0.8,100,0.8
168,0,2604.0046688370826,0.07208528299997852,"[44 16 21 42 19 26 41 23 48 29 38 18 35 36 11  8 28 12  2 40 43 24  0 30
  5 13 14 37 25  9 32 33 27 49  3 34 10 17  1  7 20 39  4 31 46 45 22  6
 15 47]",100,1.0,100,1.0
169,2,2048.1854775073475,0.2725120200002493,"[13 27  2 11 33 28 39 44  9 38  7 26 25 23 16 14  4 20 46 21 30 49 29  1
 18  3 42 45 24  0 15 40 36 43 48  5  8 32 34 37 10  6 22 12 47 41 17 35
 31 19]",100,1.0,100,1.0
170,4,2048.1854775073475,0.4819874449999588,"[13 27  2 11 33 28 39 44  9 38  7 26 25 23 16 14  4 20 46 21 30 49 29  1
 18  3 42 45 24  0 15 40 36 43 48  5  8 32 34 37 10  6 22 12 47 41 17 35
 31 19]",100,1.0,100,1.0
171,8,1980.8514141465894,0.9015964149998581,"[ 7 14 23 18 48 15 38 13 27  2 11 33 28 22 21 42 47 25 20 40 37 17 39 16
  0  1 30 45 49 35 24 44 12  8  3 46  9  6  5 32 29  4 43 36 41 19 34 26
 31 10]",100,1.0,100,1.0
172,16,1914.3224374803447,1.698568325999986,"[13 27  2 11 33 28 22 21 38 42  7 47 25 20 40 37 17 39 16 14  0  1 30 45
 19 24 43  4 23 46 35 12  3 18 48 15 49 44  8  9  6  5 32 29 36 41 34 26
 10 31]",100,1.0,100,1.0
173,32,1754.4210031512885,3.3533757800000785,"[13 27  2 11 33 28 22 21 38 42  7 47 25 20 40 37 17 39 16 14  0  1 48  3
 34 26 18 12 19 24 43  4 23 46 35 44  9 49 30 41 10 29 31  6 32  8 15 45
 36  5]",100,1.0,100,1.0
174,64,1582.4337844191368,7.906748935999985,"[13 27  2 11 33 16 48 38 28 22 21 42  7 47 25 20 40 37 17 39 14  0  1 19
  3 30 45 34 26 18 12 24 43  4 23 46 35 44  9 49 41 36 10 29 31  6 15  8
  5 32]",100,1.0,100,1.0
175,128,1570.7319523398203,14.288257429000168,"[13 27  2 11 33 16 48 38 28 22 21 42  7 47 25 20 40 37 17 39 14  0  1 19
  3 30 45 34 26 18 12 24 43  4 23 46 35 44  9 49 41 36 10 29 31  6 15  8
 32  5]",100,1.0,100,1.0
176,256,1570.7319523398203,32.29157099199983,"[13 27  2 11 33 16 48 38 28 22 21 42  7 47 25 20 40 37 17 39 14  0  1 19
  3 30 45 34 26 18 12 24 43  4 23 46 35 44  9 49 41 36 10 29 31  6 15  8
 32  5]",100,1.0,100,1.0
177,512,1570.7319523398203,70.064629427,"[13 27  2 11 33 16 48 38 28 22 21 42  7 47 25 20 40 37 17 39 14  0  1 19
  3 30 45 34 26 18 12 24 43  4 23 46 35 44  9 49 41 36 10 29 31  6 15  8
 32  5]",100,1.0,100,1.0
178,1024,1570.7319523398203,136.2459759610001,"[13 27  2 11 33 16 48 38 28 22 21 42  7 47 25 20 40 37 17 39 14  0  1 19
  3 30 45 34 26 18 12 24 43  4 23 46 35 44  9 49 41 36 10 29 31  6 15  8
 32  5]",100,1.0,100,1.0
179,2048,1570.7319523398203,142.1462425149998,"[13 27  2 11 33 16 48 38 28 22 21 42  7 47 25 20 40 37 17 39 14  0  1 19
  3 30 45 34 26 18 12 24 43  4 23 46 35 44  9 49 41 36 10 29 31  6 15  8
 32  5]",100,1.0,100,1.0
180,0,2604.0046688370826,0.17337372400015738,"[44 16 21 42 19 26 41 23 48 29 38 18 35 36 11  8 28 12  2 40 43 24  0 30
  5 13 14 37 25  9 32 33 27 49  3 34 10 17  1  7 20 39  4 31 46 45 22  6
 15 47]",200,0.2,200,0.2
181,2,2048.1854775073475,0.7454326629999741,"[13 27  2 11 33 28 39 44  9 38  7 26 25 23 16 14  4 20 46 21 30 49 29  1
 18  3 42 45 24  0 15 40 36 43 48  5  8 32 34 37 10  6 22 12 47 41 17 35
 31 19]",200,0.2,200,0.2
182,4,2048.1854775073475,1.3231076609999946,"[13 27  2 11 33 28 39 44  9 38  7 26 25 23 16 14  4 20 46 21 30 49 29  1
 18  3 42 45 24  0 15 40 36 43 48  5  8 32 34 37 10  6 22 12 47 41 17 35
 31 19]",200,0.2,200,0.2
183,8,1906.3873651604163,2.4351171819998854,"[48 14 19  4 39 41 21 23 28  7 46 49 22 47 17  9  0  1 31  3 29 11  5 38
  2 32 10 35 20 43 12 18 44 27 26  6 34 24 30 40 37 45  8 42 13 33 16 15
 25 36]",200,0.2,200,0.2
184,16,1838.35353522202,4.706306535999829,"[ 2 45 33 44 28 40 48 14 19  4 39 41 21 23  7 46 49 22 47 35 42 10 30  9
  6  8 13 27  1 31 15 18  5 20 16 29 17  0 12 24 37  3 26 38 34 32 25 11
 43 36]",200,0.2,200,0.2
185,32,1710.6189465648058,9.396509668999897,"[14 41 18  0 26  7 27 17 39  2 45 33 28 40 48 19  4 21 23 46 49 22 47 35
 42 10 38  6  8 13  1 31 15 30  5 16 11 43 37 34 25  9  3 29 32 20 12 44
 24 36]",200,0.2,200,0.2
186,64,1494.7850189053993,18.45603660100005,"[40  3 14 25 48 19 15 39 41 21 23 28  7 17 49 22 24 46 43 36 20 11  0  5
 16 18 12 38  8  6 31 26 34 47 35  4 44  1 45 33 27  2 13 10 42 30 37  9
 29 32]",200,0.2,200,0.2
187,128,1281.3687587212466,36.78101712099988,"[ 2 45 33 44 28 41 34 25 24 14 48 18 36 20 11  0  5 16 43 12 38  8  6 31
 26  3 19 15 39 21 23  7 17 49 22 47 46 35  4  1 27 13 10 42 30  9 37 40
 29 32]",200,0.2,200,0.2
188,256,1126.0226221391415,73.32735309600002,"[ 2 45 44 47 28 41 40 34 14 25 35  7 38 48  5 36 20 11 33 18 16 43 12  0
  8  6 31 26  3 19 15 22  4 24 39 21 23 46 17 49  9 30  1 27 13 10 42 37
 32 29]",200,0.2,200,0.2
189,512,1017.5401356867515,146.81225302899975,"[ 2 45 44 47 21 23 25 14 34 40 41 18  1  0 33 11 36 20 32 48  5 16 43 12
 38  8 26 31 13 19  3 15  7 37 22 24 28  4 35 46 17 39 49  9 10 42 30 29
  6 27]",200,0.2,200,0.2
190,1024,868.9679662729233,293.5199918210001,"[ 2 48 14 44 47 21 23 25 34 40 41  5 29 45 18  1  0 33 11 36 20 43 12 16
 38 32  8 26 31 13 27 15 19  3  7 37 22 24 28  4 35 46 17 39 49  9 30 42
 10  6]",200,0.2,200,0.2
191,2048,786.3408373324764,589.5630596239998,"[ 2 48 14 44 47 46 21 23 25 41 40 34  5 38 45  0  1 18 33 11 36 20 43 12
 16 32  8 29 26 31 13 27 15 19  3  7 37 22 24  4 28 35 17 39 49  9 30 42
 10  6]",200,0.2,200,0.2
192,0,2604.0046688370826,0.17288079400032075,"[44 16 21 42 19 26 41 23 48 29 38 18 35 36 11  8 28 12  2 40 43 24  0 30
  5 13 14 37 25  9 32 33 27 49  3 34 10 17  1  7 20 39  4 31 46 45 22  6
 15 47]",200,0.4,200,0.4
193,2,2048.1854775073475,0.7520271020002838,"[13 27  2 11 33 28 39 44  9 38  7 26 25 23 16 14  4 20 46 21 30 49 29  1
 18  3 42 45 24  0 15 40 36 43 48  5  8 32 34 37 10  6 22 12 47 41 17 35
 31 19]",200,0.4,200,0.4
194,4,2022.3000336141517,1.3072380270000394,"[13 19 18  0 34 47 38 40 30  2 10 17  7 29  6 12  4 32 14 41 15 49 39  8
 27 11 33 28 44  9 26 25 23 16 20 46 21  1  3 42 45 24 36 43 48 22 35 37
  5 31]",200,0.4,200,0.4
195,8,1966.396739188179,2.4197647820001293,"[13 19 18  0 34 47 38 40 30  2 10 17  7 29  6 12  4 24 14 41 15 49 39  8
 27 11 33 28 44  9 26 25 23 16 20 46 21  1  3 42 45 32 36 43 48 22 35 37
  5 31]",200,0.4,200,0.4
196,16,1637.5229803988461,4.773847869000292,"[45 18 25 46 23 21 24 28 37 40 19 29  1 43  4 22 47 38 31  0 13 27  2 11
 33 26 30 16 17 15  8  3 10 48 34 32 41 35 44 36 20 12  5 14 39  9  7 42
  6 49]",200,0.4,200,0.4
197,32,1584.7879274426157,9.099770085000273,"[13 27  2 11 33  8 39 17 40 25 46 23 21 24 38 20 36 12 28  7 49  9  3 31
  6 37  4 47 43 18  1 14 41 19 30 10 48 26 32 22 35 44  0  5 29 34 16 45
 15 42]",200,0.4,200,0.4
198,64,1465.222701136894,18.170362476000264,"[37  8 30 40 45 13 27  2 19 29  1 43  4 22 25 47 35 10 28 46 23 21 14 38
  5 16 36 12 11 18 15 32  3 24 20 33  7 49  9 26 31  6  0 48 34 41 44 39
 17 42]",200,0.4,200,0.4
199,128,1318.1875326818106,35.84271056200032,"[37 40 19 29 13 27  0  1 45 18 25  7 14 16  4 17 46 23 21 24 28 11 43 33
 22  5 38 31  2 26 15  8 48 42  9 49 39 30  3 32 10  6 20 36 12 47 41 34
 35 44]",200,0.4,200,0.4
200,256,1193.2725724746733,71.4912918959999,"[14 37 35 40 30  6 29 13 27  2  1 11 33 38 45 32 25  7 17 46 23 21 24 28
 16 43  4 22  0 18 31 26  8  3 10 19 15 48  5 42  9 49 39 47 44 20 36 12
 34 41]",200,0.4,200,0.4
201,512,1034.6640295291618,143.81937815399988,"[14 41 25 35 37 40 30 10 29  6 13 27  2  1 16 33 38 45 32  7 17 46 23 21
 28 24 11 36  4 22  0 18 31 26  8  3 19 15 48  5 34 42  9 49 39 47 44 43
 20 12]",200,0.4,200,0.4
202,1024,945.6726191644658,290.4026369400003,"[11 14 41 25 44 40 37 30 42 10 29  6 13 27  2  1 16  0 38 45 32  7 17 46
 23 21 22 24 28  4 36 33 18 31 26  8  3 19 15 48  5 34  9 49 39 47 35 43
 20 12]",200,0.4,200,0.4
203,2048,833.0141045863139,577.0254324560001,"[43 11 16 14 44 25 41 40 37 42 30 10  8 29  6 13 27 31  1  0 38 45 32  9
 49 17 46 23 21 28  4 24 22 36 12 33 18  2 26 15 19  3 48  5 34  7 39 47
 35 20]",200,0.4,200,0.4
204,0,2604.0046688370826,0.18701534999991054,"[44 16 21 42 19 26 41 23 48 29 38 18 35 36 11  8 28 12  2 40 43 24  0 30
  5 13 14 37 25  9 32 33 27 49  3 34 10 17  1  7 20 39  4 31 46 45 22  6
 15 47]",200,0.6,200,0.6
205,2,2048.1854775073475,0.7311882989997684,"[13 27  2 11 33 28 39 44  9 38  7 26 25 23 16 14  4 20 46 21 30 49 29  1
 18  3 42 45 24  0 15 40 36 43 48  5  8 32 34 37 10  6 22 12 47 41 17 35
 31 19]",200,0.6,200,0.6
206,4,2048.1854775073475,1.2858170469999095,"[13 27  2 11 33 28 39 44  9 38  7 26 25 23 16 14  4 20 46 21 30 49 29  1
 18  3 42 45 24  0 15 40 36 43 48  5  8 32 34 37 10  6 22 12 47 41 17 35
 31 19]",200,0.6,200,0.6
207,8,2025.9669833224239,2.407096865999847,"[37 40 19 24  1 43  4 22 47 28 23 30 31 13 27  2 11 33 39 44  9 38  7 26
 25 16 14 20 46 21 49 29 18  3 42 45  0 15 36 48  5  8 32 34 10  6 12 41
 17 35]",200,0.6,200,0.6
208,16,1832.5630349574428,4.563082431999646,"[13 27  2 11 33 28 39 44 43 18 45  1  0 34  8 30 22 23 17  9  6 42 19 24
 41 21 37  7 12 48  5 25 49 46 35 20 38 32 47  3 26 10 29 31 40 14  4 36
 16 15]",200,0.6,200,0.6
209,32,1589.945702399334,8.993010716999834,"[43 18 45  1  0 38 19 39 41 40 48 14 26 42 17 21 49  9 32 44  4 10  8  6
 29 31 28 35 46 23  3 30 24 25 22  7 47 37 13 27  2 11 33 36 20 16 15 34
  5 12]",200,0.6,200,0.6
210,64,1493.241872249041,17.73212933099967,"[12 36 28 43 18 45  1  0 38 19 39 23 40 48 14 37 44 24  4 22 47 41 30 31
 13 27 32 11 33 10  8  6 29  2 26 42 17 21 49  9 46 35 34 15  3 25  5  7
 20 16]",200,0.6,200,0.6
211,128,1265.247598405723,35.347927547999916,"[43 18 12 20 36 16 45  1  0 38 32 13 27  2  5 37 40 44 24 35 46 41 39 48
 14 11 33 28  4 22 47 25 30 10  8 26 31 19 15  6 29 42  7 23 21 17 49  3
  9 34]",200,0.6,200,0.6
212,256,1095.8750084707754,69.95148027099958,"[37 40 44 43 12 20 36 16 48 45 18  1  0 38 32 13 27  2  5 24 22 14 41  7
 17 39 11 33 35 28  4 47 25 30 10  8 26 31 19 15  6 29 42 23 21 46 49  9
  3 34]",200,0.6,200,0.6
213,512,950.5008037477169,139.49641746499992,"[37 34 40 44 22 36 43 12 20 16 18  1  0 48 45 38 32  2 27 31 13  5 33 14
 41  7 17 39 11 24 35 28  4 47 25 30 10  8 29 19 15  6 26  3 42  9 49 23
 21 46]",200,0.6,200,0.6
214,1024,822.5693054396805,278.2309862259999,"[37 40 34 44 24 22 36 43 12 20 11 33 18  1  0 48 32 38 45  2 27 31 13  5
 16 14 41  7 49 39 35 28  4 47 25 30 42 29  8 10 19 15  6 26  3  9 17 23
 21 46]",200,0.6,200,0.6
215,2048,772.0346473733024,559.5011915779996,"[37 40 41 44 24 22 36 43 12 20 11 16 33 18  1  0 48 32 38 45  2 27 13 31
  5 14 34  7 49 39 47 28  4 35 25 30 42  3  8 10 19 15  6 26 29  9 17 23
 21 46]",200,0.6,200,0.6
216,0,2604.0046688370826,0.17793458200003442,"[44 16 21 42 19 26 41 23 48 29 38 18 35 36 11  8 28 12  2 40 43 24  0 30
  5 13 14 37 25  9 32 33 27 49  3 34 10 17  1  7 20 39  4 31 46 45 22  6
 15 47]",200,0.8,200,0.8
217,2,2048.1854775073475,0.7229351640003188,"[13 27  2 11 33 28 39 44  9 38  7 26 25 23 16 14  4 20 46 21 30 49 29  1
 18  3 42 45 24  0 15 40 36 43 48  5  8 32 34 37 10  6 22 12 47 41 17 35
 31 19]",200,0.8,200,0.8
218,4,1906.2508369727225,1.2473181170003045,"[47 21 23  3 45 11 41 30 19 37  7 12  0 48 34 44 39  5 25 43 49 42  9 13
 27  8 17 46 35 28 20 36 18 29 32  4 15  2 38  6 26  1 16 24 10 14 40 33
 31 22]",200,0.8,200,0.8
219,8,1906.2508369727225,2.304861904000063,"[47 21 23  3 45 11 41 30 19 37  7 12  0 48 34 44 39  5 25 43 49 42  9 13
 27  8 17 46 35 28 20 36 18 29 32  4 15  2 38  6 26  1 16 24 10 14 40 33
 31 22]",200,0.8,200,0.8
220,16,1786.574347789116,4.419960044000163,"[47 21 23  3 10 11 41 30 19 37  7 12  0 48 34 44 17  9  6 42  1 16 33 18
 27 31 32  4 24 35  5 38 29 26  8  2 43 22 46 49 39 40 20 36 25 14 45 28
 15 13]",200,0.8,200,0.8
221,32,1655.7777370805773,8.719983545000105,"[47 21 23 37 10 11 14 30 19  3  7 12  0 48 34 44 17  9  6 42  1 16 33 18
 27 31 15  8  2 28 43 20 29 46 35 24 40  5 26 13 45 32 38 41 25 39 49  4
 36 22]",200,0.8,200,0.8
222,64,1503.7422632071548,17.096312615999977,"[47 21 23  3 10 45 38 37  7 12 11 41 30 19  0 48 34 44 43 39 17 46 49 35
  4 25 14  6  9 42  1 16 33 18 27 31 15  8 32  5 13  2 26 29 22 24 20 36
 40 28]",200,0.8,200,0.8
223,128,1245.3915932568962,34.683007868000004,"[47 21 23 49  9  3 10 45 38 37  7  1 12 11 41 30 19 42  0 48 34 44 17 39
 46 35  4 25 14 32  6  8  5 16 33 43 18 27 31 13  2 15 26 29 40 22 24 36
 20 28]",200,0.8,200,0.8
224,256,1103.095566933014,68.43913412300026,"[ 4 47 21 23 49  9  3 10 45 38 37 44 12 11 41 42 30 15 19  0 48 34  7 17
 39 46 35 25 40 32  8  6  5  1 33 16 20 43 18  2 13 27 31 26 29 14 22 24
 36 28]",200,0.8,200,0.8
225,512,971.2550974817373,135.6792698610002,"[ 4 47 35 46 21 23 17 49  9 19  3 10 45 38 41 44 36 12 11 37 42 30 15  0
  5 48 34  7 39 25 40 32  8  6  1 33 16 20 43 18  2 31 13 27 26 29 14 22
 24 28]",200,0.8,200,0.8
226,1024,903.7088146407553,270.76570223800036,"[ 4 28 35 25 47 46 21 23 17 49  9 19 15 10 45 38 41 44 36 12 20 34 42 30
  3  0  5 48 37  7 39 40 32  8  6  2  1 18 16 11 43 33 31 13 27 26 29 14
 22 24]",200,0.8,200,0.8
227,2048,863.8350359095258,540.5741605349999,"[ 4 28 35 25 47 46 21 23 17 49 39  9  3 19 15 10 45 38 48 41 44 36 20 43
 34 30 42  0  5 40  7 37 32 29 26  2  1 18 16 11 12 33 31 13 27  6  8 14
 22 24]",200,0.8,200,0.8
228,0,2604.0046688370826,0.18993421100003616,"[44 16 21 42 19 26 41 23 48 29 38 18 35 36 11  8 28 12  2 40 43 24  0 30
  5 13 14 37 25  9 32 33 27 49  3 34 10 17  1  7 20 39  4 31 46 45 22  6
 15 47]",200,1.0,200,1.0
229,2,2035.6279520067962,0.7095106380002107,"[43 18 32  1  0 37 46 49 44  9  2 11 22 24 34 17 27 30  6  5 12 16 33 19
 31 20 48 47 39 29 42  7 40 23 14 41 21  3 26 45 38 36 25 35  4 28 13  8
 15 10]",200,1.0,200,1.0
230,4,2035.6279520067962,1.2032356280005843,"[43 18 32  1  0 37 46 49 44  9  2 11 22 24 34 17 27 30  6  5 12 16 33 19
 31 20 48 47 39 29 42  7 40 23 14 41 21  3 26 45 38 36 25 35  4 28 13  8
 15 10]",200,1.0,200,1.0
231,8,1985.6247253680262,2.2375554850004846,"[42  2 24 44 46 36 43 18 32  1  0 37 49  9 11 22 34 17 27 30  6  5 12 16
 33 19 31 20 48 47 39 29  7 40 23 14 41 21  3 26 45 38 25 35  4 28 13  8
 15 10]",200,1.0,200,1.0
232,16,1830.3920254032819,4.253290534000371,"[43 18 32  1  0 37 46 49 44  9  2 11 22 24 34 17 21 23 10  5 45 40 20 39
 29  6 16 36 28 35 30  8 41 25 47 33  4 42  7 14 13 27 31 26 19 38 48 15
  3 12]",200,1.0,200,1.0
233,32,1571.657486227244,9.403884796000057,"[14 25 22 21 23 10 31 13 27  2 34 39  9 26  8 19 17 49 46 40  5 45  0 20
 29  6 32 16 36 28 35 24 12 43 33  4 30  7  3 15 38 18  1 37 44 42 11 48
 41 47]",200,1.0,200,1.0
234,64,1395.2626927164638,18.331723011000577,"[13 31 27  2 34 22 14 39  9 26  8 19 17 49 46 21 23 40  0 20 29  6 32 25
 44 41 12 18  1 38 48  3 10  5 45 16 36 11 43 33 28 35 24  4 30 37 42  7
 47 15]",200,1.0,200,1.0
235,128,1338.9963767034192,35.43310302200007,"[31 13 27  2 34 14 22 25 39  9 26  8 19 17 49 46 21 23 40  0 20 29  6 32
 44 41 12 18  1 38 48 10  3  5 45 16 43 11 33 36 28 35 24  4 30 37  7 47
 42 15]",200,1.0,200,1.0
236,256,1338.9963767034192,70.17951614499998,"[31 13 27  2 34 14 22 25 39  9 26  8 19 17 49 46 21 23 40  0 20 29  6 32
 44 41 12 18  1 38 48 10  3  5 45 16 43 11 33 36 28 35 24  4 30 37  7 47
 42 15]",200,1.0,200,1.0
237,512,1338.9963767034192,135.85004601200035,"[31 13 27  2 34 14 22 25 39  9 26  8 19 17 49 46 21 23 40  0 20 29  6 32
 44 41 12 18  1 38 48 10  3  5 45 16 43 11 33 36 28 35 24  4 30 37  7 47
 42 15]",200,1.0,200,1.0
238,1024,1338.9963767034192,266.5244500830004,"[31 13 27  2 34 14 22 25 39  9 26  8 19 17 49 46 21 23 40  0 20 29  6 32
 44 41 12 18  1 38 48 10  3  5 45 16 43 11 33 36 28 35 24  4 30 37  7 47
 42 15]",200,1.0,200,1.0
239,2048,1338.9963767034192,286.0360521300008,"[31 13 27  2 34 14 22 25 39  9 26  8 19 17 49 46 21 23 40  0 20 29  6 32
 44 41 12 18  1 38 48 10  3  5 45 16 43 11 33 36 28 35 24  4 30 37  7 47
 42 15]",200,1.0,200,1.0
240,0,2604.0046688370826,0.26819297799920605,"[44 16 21 42 19 26 41 23 48 29 38 18 35 36 11  8 28 12  2 40 43 24  0 30
  5 13 14 37 25  9 32 33 27 49  3 34 10 17  1  7 20 39  4 31 46 45 22  6
 15 47]",300,0.2,300,0.2
241,2,2048.1854775073475,1.1174846999992951,"[13 27  2 11 33 28 39 44  9 38  7 26 25 23 16 14  4 20 46 21 30 49 29  1
 18  3 42 45 24  0 15 40 36 43 48  5  8 32 34 37 10  6 22 12 47 41 17 35
 31 19]",300,0.2,300,0.2
242,4,1982.3084290343677,1.9662098329999935,"[13 27  2 26 33 28 39 44  9 38  7 11 25 23 16 14  4 20 46 21 30 49 29  1
 18  3 42 45 24  0 15 40 43 36 48  5  8 32 34 37 19 31 10 47 35 41 17 22
 12  6]",300,0.2,300,0.2
243,8,1937.5841079557263,3.730639334999978,"[ 6 28 48 27  2 26 33 29  3  7 17  9 30 42 37 24 22 41 40 23 32  4 21 47
 49 10 45 20 35 14 25 43  0 44  5  1 15 38 13 19 39 34 12 36 11 46 31 18
 16  8]",300,0.2,300,0.2
244,16,1677.128915299379,7.255441323000014,"[38 31 13 27  2 36 33 43 11 16 40 12 20 14 24  5  0  3 48 44  4 39 41 21
 23 28  7 46 49 22 47  9 35  6 10 30 29 45 18 32  1 34 42 25 37  8 17 19
 15 26]",300,0.2,300,0.2
245,32,1629.3384673910705,14.102705866999713,"[36 11 16 40 24 20 14 38 31 13 27  2 33 43 15 26  0  3 48 44  4 39 41 21
 23 28 12  5 34  9 30  7 25 46 17 49 29  1 18 42 45  8 32 22 47 35 37  6
 10 19]",300,0.2,300,0.2
246,64,1372.111197242174,28.139967770999647,"[38 31 13 27  2  1 36 33 43 11 16 40 12 20 46 47 44 14 24  5 18  0 39 25
 22 37 35  4 32 15 26  6  8 10  3 19 28 45 29 48 41 21 23 49  7 17  9 30
 42 34]",300,0.2,300,0.2
247,128,1197.259382929418,55.71716225399996,"[38 31 13 27  2  1 36 33 43 11 16 40 12 20 41 47 44 22 14 48  5 18  0 24
  4 46 21 23  7 49 39 25 28 37 19 15  3 26  6  8 29 34 17  9 35 30 42 32
 10 45]",300,0.2,300,0.2
248,256,1064.2373586411595,110.49222870899939,"[38 31 13 27  2  1 29 33 36 43 11 20 12 16 35 44 47 40 41 22 14 48  5 18
  0 24  4 46 21 23  7 49 39 25 28 37 19 15  3 26  6  8 34 17  9 30 42 32
 10 45]",300,0.2,300,0.2
249,512,918.2091774066951,219.87421348399948,"[38 29 31 13 27  2  1 33 11 20 36 43 12 16 35 28 24 41 40 14 45  5 48 18
  0 47 44 22  4 46 23 21 17 49 39 25 37  3 19 15 26  6  8 34  7  9 42 30
 10 32]",300,0.2,300,0.2
250,1024,804.0137093015395,442.3724239989997,"[48 38 45 29 31 13 27  2  1 33 11 20 36 43 12 16  4 28 22 24 25 35 41 14
  5 18  0 40 44 47 46 23 21 17 49 39  9 19 15  3  6 26  8 34  7 37 30 42
 10 32]",300,0.2,300,0.2
251,2048,735.6370591248999,938.4401928199995,"[ 3 38 45 29 31 13 27  2  1 33 11 16 12 43 20 36 28  4 22 24 35 25 41 14
  5 18  0 48 40 44 47 46 23 21 17 49 39  9 19 15 10  6 26  8 32 34 37  7
 30 42]",300,0.2,300,0.2
252,0,2604.0046688370826,0.26822805800020433,"[44 16 21 42 19 26 41 23 48 29 38 18 35 36 11  8 28 12  2 40 43 24  0 30
  5 13 14 37 25  9 32 33 27 49  3 34 10 17  1  7 20 39  4 31 46 45 22  6
 15 47]",300,0.4,300,0.4
253,2,2048.1854775073475,1.147973594999712,"[13 27  2 11 33 28 39 44  9 38  7 26 25 23 16 14  4 20 46 21 30 49 29  1
 18  3 42 45 24  0 15 40 36 43 48  5  8 32 34 37 10  6 22 12 47 41 17 35
 31 19]",300,0.4,300,0.4
254,4,1982.3084290343677,2.0245971579997786,"[13 27  2 26 33 28 39 44  9 38  7 11 25 23 16 14  4 20 46 21 30 49 29  1
 18  3 42 45 24  0 15 40 43 36 48  5  8 32 34 37 19 31 10 47 35 41 17 22
 12  6]",300,0.4,300,0.4
255,8,1864.7668916940343,3.716417571999955,"[16 48 12 21 35 39 49  7 23 14 36 11 45 41 40  5 44  8 17  9 42 19 24 10
 33 18 27 31 15  3 47  6  2  1 20 43  4 37 32 29  0 13 30 38 26 34 25 22
 28 46]",300,0.4,300,0.4
256,16,1713.8671188746926,7.574247835999813,"[13 27  2 26  6 17 23 36 22 45 16 48 11 33 28 39  9 44 24 25 46 30 49 40
  0  5 29 32  3  7 42 37 18 38 15  8 21  4 20 10 34 14 35 47 19 41 12 43
  1 31]",300,0.4,300,0.4
257,32,1607.978811673215,14.351421813000343,"[13 27  2 26 33 16 48 12 21 35 39 49  7 23 17 46 24 37 47 34 42 28 29  3
  9 30 14  4 11  8  6  5 43 20 22 41 32 10 19  1 36 44 25 40 15 38  0 18
 45 31]",300,0.4,300,0.4
258,64,1417.1035875342914,27.732204470999932,"[33 19 13 27  2  6 29 10 48 26 31  3  7  9 17 28 30 42 37 40 23 21 35 39
 49  5 34 38 22 47 25 20 16 41 46 44 24  4 14 11 43 12 36  0 32 45  8 15
  1 18]",300,0.4,300,0.4
259,128,1223.9871340701025,54.30523389100017,"[33 31 13 27  2 26  6  5  0 19 48 32 10  8 29  3  7 28 35 15  9 17 30 42
 37 40 23 21 46 39 49 34 38 20 47 25 22 41 44 24  4 14 12 36 43 11 16 45
  1 18]",300,0.4,300,0.4
260,256,1024.087219335121,107.6860085369999,"[33 32 31 13 27  6  2 26 10 38  5  0 45 29 48  3 19  8  7 28 35 15  9 49
 30 42 37 40 23 21 46 17 39 34 41 14 47 25 22 44 24  4 20 12 36 43 11 16
  1 18]",300,0.4,300,0.4
261,512,873.9461898365411,214.15866450199974,"[33  1 31 13 27  2  6 26 29 38 10  8 32 48  5  0 45  3 19  7 28 35 49  9
 15 30 42 37 47 23 21 46 17 39 40 34 41 14 25 44 22 24  4 20 12 36 43 11
 16 18]",300,0.4,300,0.4
262,1024,804.5787664390768,427.718349449,"[33  1 18 13 31 27  2  6 26 29 45 38  8 32 48  5  0 10  3 30  7 28 35 49
  9 19 15 42 37 47 46 21 23 17 39 40 34 41 14 25 44 22 24  4 36 43 20 12
 11 16]",300,0.4,300,0.4
263,2048,744.7439765123428,857.6415516320003,"[33 18  1  2 27 13 31  6 26 29 45 38  8 32 48  5  0 10  3 42 30 37 44 35
 25 49  9 19 15  7 47 46 21 23 17 39 40 34 14 41 22 24 28  4 36 43 20 12
 11 16]",300,0.4,300,0.4
264,0,2604.0046688370826,0.27671595199990406,"[44 16 21 42 19 26 41 23 48 29 38 18 35 36 11  8 28 12  2 40 43 24  0 30
  5 13 14 37 25  9 32 33 27 49  3 34 10 17  1  7 20 39  4 31 46 45 22  6
 15 47]",300,0.6,300,0.6
265,2,2023.8193465626243,1.1623068659991986,"[ 9 49 42 32  5 47 43 16  2 10 40  6 24 41 18 34 14 30  4 11 44 21 25 28
  0 35 46 23  3 13 31  1 48 36 19 37 39  8 29 45 15 22 12 17  7 27 26 33
 20 38]",300,0.6,300,0.6
266,4,2004.3307359412727,2.013042669999777,"[36 24 22 17 38 29 26 12 48 31  8  2 16 43 47 25 28 23 35  0 33 15 49  5
 13  4 37 34 30 42  9 14 19 39 41  7 46 21  6 10  3 32 11  1 40 44 20 27
 18 45]",300,0.6,300,0.6
267,8,1838.794021162329,3.6953225709994513,"[12 47 20 42  9 49 15 32 44 25  2 38 37 19  8 13 29  7 16 43 14  0 34 40
 30 10 17  6 48  4 39 41 21 23 28 46 22 33 35 24 45  3  1 26 27 31  5 18
 11 36]",300,0.6,300,0.6
268,16,1722.9888398902497,6.999074092999763,"[ 6 28 21 41 35 46 23  3 30 13 27  2 26  0 32 44 25 47 38 37 19  8 34 33
 29  7 17  9 42 24 22  4 43 10 45 48 20 12 31  5 11 36 40 49 39 16 14  1
 18 15]",300,0.6,300,0.6
269,32,1575.3877889954258,13.680452108999816,"[33 29  3  7 28 17  9 30 42 10 24 22 40 19  6 16 48 14  4 39 46 21 23  5
 38 13 27  2 26  0 34 47 49 37 44 11 15  8 35 41 25 43 12 36 20 18  1 31
 45 32]",300,0.6,300,0.6
270,64,1387.3768475439044,27.356129737999254,"[43 11 48 14 36 24 22 25 37 40 44 29 19  6  8  3  7 28 17  9 30 42 10 26
 41  4 49 21 23 46 39 13 27  2 45  0 32 38 15 34 47 35 33 20 12 16  5 31
  1 18]",300,0.6,300,0.6
271,128,1275.681920340718,54.1372581709993,"[11 43 16 33 48 14 24  4 36 22 25 37 40 44 29 19 15  6  8  3  7 28 17  9
 30 42 10 26 41 49 21 23 46 39 13 27  2 45  0 32 38 34 47 35 20 12  5 31
  1 18]",300,0.6,300,0.6
272,256,1129.9634400261787,107.88939719900009,"[48 14 11 36 43 16 33  5 22 24 44 28  4 25 37 40 41 19 15  6  8  3  7 17
  9 30 42 10 26 29 49 21 23 46 39 13 27  2 45  0 18 38 32 34 47 35 20 12
  1 31]",300,0.6,300,0.6
273,512,924.7991495133559,215.1066856109992,"[48  5 11 36 43 16 33 14 22 44 24 28  4 25 37 40 19 15 10  6 26 29  8  3
  9 17  7 30 42 39 49 21 23 46 41 31 13 27  2 45 38 32 34 47 35 20 12 18
  1  0]",300,0.6,300,0.6
274,1024,829.11382319181,430.8184649499999,"[48  5 33 11 36 43 16 14 22 24  4 28 35 44 25 40 37 19 15 10  6 26 29  8
  3  9 39  7 30 42 49 17 21 23 46 47 31 13 27  2 45 38 32 34 41 20 12 18
  1  0]",300,0.6,300,0.6
275,2048,720.8370470744703,842.4187888890001,"[48  5 33 11 12 36 20 43 16 14 22 24  4 28 35 44 25 41 40 37 42 19 15 10
  6 26 29  8  3 30  7  9 39 49 17 23 21 46 47  0 18  1 31 13 27  2 45 38
 34 32]",300,0.6,300,0.6
276,0,2604.0046688370826,0.16002895300061937,"[44 16 21 42 19 26 41 23 48 29 38 18 35 36 11  8 28 12  2 40 43 24  0 30
  5 13 14 37 25  9 32 33 27 49  3 34 10 17  1  7 20 39  4 31 46 45 22  6
 15 47]",300,0.8,300,0.8
277,2,2048.1854775073475,0.6359454399998867,"[13 27  2 11 33 28 39 44  9 38  7 26 25 23 16 14  4 20 46 21 30 49 29  1
 18  3 42 45 24  0 15 40 36 43 48  5  8 32 34 37 10  6 22 12 47 41 17 35
 31 19]",300,0.8,300,0.8
278,4,1983.6033021602302,1.103985382999781,"[43 11 16 40 44 28 14 24  5  0 17  3 49  6  8 39 33 19 10 45 29 38 25 18
 12 20 21  4 35 34 27 42 41  7 13 37  2 31 15 32  1 47  9 46 23 30 22 48
 26 36]",300,0.8,300,0.8
279,8,1869.197791301314,2.0575016009997853,"[21 35 39 49  7 43 12 14 48 36 11 45 16 44 17 46  6 27 37 24 34 25  4 22
 10  2 32 31 26 13  1 18 20  5  3 30 15  0 23 28 47 41 19 40 29 38 42  8
 33  9]",300,0.8,300,0.8
280,16,1734.1078786615433,3.9403942210001333,"[ 7 49 47 25 39 45 13 27  2 11 33 28 44 48 14 19  4 41 21 23 46 32 38 29
  3 17 30 42 37 24  9 15  1 26 20 36 35 16 40 22  0 43 12  5 10  6 18 31
  8 34]",300,0.8,300,0.8
281,32,1598.3250554261142,7.710146963000625,"[33 31 13  6 28 21 41 35 29  3  7 17  9 30 42 37 24 26 49 47 25 32 27  2
 15 19 39 46 23 43 11 16 40 10 48 38 12 14  4 44 45  0  8 18  1  5 34 22
 36 20]",300,0.8,300,0.8
282,64,1357.9568156462528,15.323620558000584,"[43 11 16 12 33 29  3  0 14 41 48 19  4 28 17  9 30 42 37 39 40 44  7 20
 24 22 49 21 23 46 47 35 25 10  6 26 38 13 27 15  8  2 45 32 31 18  5  1
 34 36]",300,0.8,300,0.8
283,128,1045.4839176074508,30.449095037000006,"[43 11 20 16 12 33 38  3 19 29 48  0 14 41  4 28 17  9 30  7 42 37 22 24
 44 49 39 21 23 46 47 35 25 40 15  6 13 31 45 10 26 27  8  2 32 34  5  1
 18 36]",300,0.8,300,0.8
284,256,925.4389411258294,60.658431749000556,"[20 36 12 43 11 16 33 38  3 19 10 15 29 48  0 14 41  4 28 17 49  9 30  7
 42 37 22 24 44 39 21 23 46 47 35 25 40 34 45 13 31  6 26 27  2  8 32  5
  1 18]",300,0.8,300,0.8
285,512,840.4257832901785,123.6880928620003,"[33 43 36 20 12 11 16 48  8 10  3 19 15 29 38  0 14 41  4 28 17 49  9 30
 42  7 37 22 24 44 39 21 23 46 47 35 25 40 34 45 13 27 31  6 26  2 32  5
  1 18]",300,0.8,300,0.8
286,1024,767.5206046353314,245.03646996299994,"[33 12 20 43 36 11 16 48  8 10  3 19 15 29 38 32 14 22  4 28 17 39 49  9
 42 30  7 37 41 24 44 35 21 23 46 47 25 40 34 45  2 13 31 27  6 26  5  0
  1 18]",300,0.8,300,0.8
287,2048,733.8730322962535,488.7306858060001,"[33 12 20 36 43 11 16  5 38  8 10  3 19 15 29 32 14 22 24  4 28 39 17 49
  9 42 30  7 37 41 44 35 46 21 23 47 25 40 34 48 45  2 27 13 31  6 26  0
  1 18]",300,0.8,300,0.8
288,0,2604.0046688370826,0.16473766600029194,"[44 16 21 42 19 26 41 23 48 29 38 18 35 36 11  8 28 12  2 40 43 24  0 30
  5 13 14 37 25  9 32 33 27 49  3 34 10 17  1  7 20 39  4 31 46 45 22  6
 15 47]",300,1.0,300,1.0
289,2,2048.1854775073475,0.6338905299999169,"[13 27  2 11 33 28 39 44  9 38  7 26 25 23 16 14  4 20 46 21 30 49 29  1
 18  3 42 45 24  0 15 40 36 43 48  5  8 32 34 37 10  6 22 12 47 41 17 35
 31 19]",300,1.0,300,1.0
290,4,2005.9429322802528,1.103494777999913,"[43 11 16 40 12 28 14 24 26 27 33  7 23 30 17  8  6 29  2 20 46 41 35 47
 44 19  5 13  0 45 32 25 42  3 10 31 38 22 36 37 39 34 21 15 48 49  9 18
  1  4]",300,1.0,300,1.0
291,8,1846.4885596084412,2.0120637029995123,"[ 6 28 21 41 35 46 23  3 30 33 29  7 17  9 42 37 24 22 47 43 12 39 19 31
 15  0 16 32  1 38 25 45  8 18 14 34 40 49 20 36  4 44  5 13 27  2 11 26
 48 10]",300,1.0,300,1.0
292,16,1722.9826764655706,3.841405209000186,"[48 14 19  4 39 41 21 23 17 46  6 27 37 24 34 25  7 44 22 28 49 47 33 35
 10 30 38 42 40  3  8 29 36 43 11 16 12 20 13  2 45 32  9 26 31  0 15  1
 18  5]",300,1.0,300,1.0
293,32,1559.4997969986607,7.473123544000373,"[13 27 48 33 29  3  7 28 17  9 30 42 37 24 46  6 34 25  4 44 22 10 45 38
 26 14 19 39 41 21 23 49 47 35 40  8 36 43 11 16 12 20  0 32 31  2 15  5
  1 18]",300,1.0,300,1.0
294,64,1388.6181050104506,14.89039755199974,"[33  6 13 27 48 29  3  7 28 17  9 30 42 37 24 46 34 25  4 44 22 10 45 38
 26 14 19 49 39 41 21 23 47 35 40  8 36 43 11 16 12 20  0  2 31 15 32  5
  1 18]",300,1.0,300,1.0
295,128,1318.902418598115,29.4543254350001,"[33 48 38 29 13 27  6  3  7 28 17  9 30 42 37 24 46 34 25  4 44 22 10 26
 45 14 19 49 39 41 21 23 47 35 40  8 16 36 43 11 12 20  0  2 31 15 32  5
  1 18]",300,1.0,300,1.0
296,256,1318.902418598115,58.645329725999545,"[33 48 38 29 13 27  6  3  7 28 17  9 30 42 37 24 46 34 25  4 44 22 10 26
 45 14 19 49 39 41 21 23 47 35 40  8 16 36 43 11 12 20  0  2 31 15 32  5
  1 18]",300,1.0,300,1.0
297,512,1318.902418598115,117.08294706499964,"[33 48 38 29 13 27  6  3  7 28 17  9 30 42 37 24 46 34 25  4 44 22 10 26
 45 14 19 49 39 41 21 23 47 35 40  8 16 36 43 11 12 20  0  2 31 15 32  5
  1 18]",300,1.0,300,1.0
298,1024,1318.902418598115,235.13709890100017,"[33 48 38 29 13 27  6  3  7 28 17  9 30 42 37 24 46 34 25  4 44 22 10 26
 45 14 19 49 39 41 21 23 47 35 40  8 16 36 43 11 12 20  0  2 31 15 32  5
  1 18]",300,1.0,300,1.0
299,2048,1318.902418598115,251.5075332009992,"[33 48 38 29 13 27  6  3  7 28 17  9 30 42 37 24 46 34 25  4 44 22 10 26
 45 14 19 49 39 41 21 23 47 35 40  8 16 36 43 11 12 20  0  2 31 15 32  5
  1 18]",300,1.0,300,1.0
