,Iterations,Fitness,Time,State,runner_name,pop_size,mutation_prob,Population Size,Mutation Rate
0,2,31054.0,0.031659064999985276,"[ 4 18  0 18  7 23 14  1 20 23  0 11 12 17  5 23 19 24 20 22 22  9  6  8
 15  9 21 14 14 15  0  5  3  1 18  2  9 16  1 14 22 17  0 10 16  2 12 23
  9 17 11  8  7 17 18  2 12 15 15 24 17 24 16 23  8 13 12 20 22  4 10  7
 18 22 18  0  9 17 16 19  3 18 10  4 14 19  9 18 12  3  4  4 21 15 17 17
  3 14  7 19]",GA,10,0.2,10,0.2
1,4,31429.0,0.06319895899997618,"[16 18 15 19 21  8  9 21  0 15  0  1 21 17 17  5 19 13  1 24 10 10  2 22
 15 24 20 14  2 19 21  1 11 24 14 17 15 16 23 14 22  2 11  1  7 14 12  3
 18 17 17 15 21  9 15 14 23  6  1  3  5 24  7 23 20 13  1  2 22 16 21  6
  7 14 12 20  9 17  2  5 12 16 23 13 14  4  9 19 23  3 21  9  5  1 24 17
 18  4 14 19]",GA,10,0.2,10,0.2
2,8,35440.0,0.12203221900000472,"[16 18 15 19 21 23  9 21  0 15  0 11 12 17 17 23 19 24 20 22 22 10  6  5
 15  9 21 16 14 15  0  5 11 24 18  2 15 16 23 14 22 13 11  1  7  2 12 23
  9 17 17 24 21 17 15  2 23 15 15 24  5 24 16 23 20 19 18  2 22 16 10  7
 18 22 12 20  9 17 16  5  3 18 23 13 14 19  9  4 12  3  5  9  4 15 24 17
  3 14 14 19]",GA,10,0.2,10,0.2
3,16,35503.0,0.21964294600002177,"[ 4 18 15 18 21 23  9 21  0 23  0 11 12 17 17 23 19 24 20 22 22 10  6  5
 15  9 20 16  2 23 11 17 11 24 14 17 15 16 23 14 22 13  0  1  0 14 11  3
 18 17 11 15 21 17 18  2 12 15 15 24  5 24 16 15 20 13 12 20 22 16 10  6
 22 22 14 20  9 17 16 19 22 16 10 13 14  4  9  4 12  3 21 11 21 15 24 17
 18  4 14 19]",GA,10,0.2,10,0.2
4,32,38340.0,0.40763853099997505,"[12 18 15 18 21 23  9 21  0 23  0 11 12 17 17 23 19 24 20 22 22 10  6 22
 15  9 20 16  2 23 11 17 11 24 14 17 15 16 23 14 22 16 11 20  0  2 23  3
  9 17 17 15 21 17 18  2 12  0 15 24  5 24 16 23 20 13 18 20 22 16 10  7
 18 22 12 20  9 17 16 21  7 16 10 13 14 19  9  4 12  3 21  9 21 15 24 17
 18  4 14 19]",GA,10,0.2,10,0.2
5,64,39355.0,0.7707564250000019,"[12 18 15 18 21 23  9 17  0 12  0 11 12 17 17 23 19 24 20 22 22 10  6 22
 15 15 24 16  2 23 11 17 11 24 14 18 15 16 23 14 22 13 11 20  0  2 23  3
  9 17 17 15 21 17 18  2  8 12 15 24  5 24 16 23 20 13 18 20 22 16 10  7
 18 22 12 20  9 21 16 21  7 16 23 13 14 19  9  4 12 22 21  5 21 15 24 17
 18  4 14 19]",GA,10,0.2,10,0.2
6,128,42127.0,1.46844185599997,"[17 21 15 18 21 23  9 17  0 12  0 11 19  3 17 23 13 24 20 22 22 10 23 12
 23 15 24 16  2 17 16  1 11 24 14 18 15 20 23 14 22 10 11 21  0 13 23  3
  9 12 17 15 21 17 18  2  8 12 15 24  5 24 16 23 20 16 18 20 22 20 10 22
 23 22 12 20 22 21 16 21  7 16 23 13 14 19  9 22 12 24 21  9 21 15 24 17
 18  4 14 22]",GA,10,0.2,10,0.2
7,256,44447.0,2.9357734000000164,"[17 21 16 18 21 23  1 17  0 12  0 21 19  3 17 23  3 24 20 24 22 14 23 22
 23 20 24 16  8 17 16  1 20 24 14 18 15 23 23 14 23 10 19 21  0 13 23  3
  9  4 17 15  9 17 18  2  8 12 20 24  5 24 16 23 20 16 18 20 22 20 19 22
 23 23 12  5 22 21 16 21  7 23 23 11 14 19  9 22 18 24 21  9 21 22 24 17
 18  4  2 22]",GA,10,0.2,10,0.2
8,512,46706.0,6.033555347000004,"[17 21 24 21 21 23  1 17  0 14  0 20  6  3 17 23  3 24 20 24 22 23 23 22
 23 22 24 18  8  8 16  3 20 20 14 18 15 23 23 14 23  5 19 23  0 13 23  1
  1  4 22 23  9 17 18 15  8  7 20 24  5 24 23 23 20 24 18 24 22 20 19 22
 23 23 12  7 24 21  5 23 21 23 23 11 12 19 23 22 22 24 21  2 23 22 24 17
 22  4  2 22]",GA,10,0.2,10,0.2
9,1024,47941.0,11.973828873000002,"[22 21 24 23 24 23  1 20  0 14  0 22 22  3 24 23  3 24 20 24 22 23 23 22
 23 22 24 18  8  8 16  3 24 20  8 18 15 23 23 16 19  5 19 23  0 10 24  1
  1  4 24 23  9 17 18 15  8  7 21 24  5 24 23 23 24 24 18 24 22 22 19 24
 23 23 14 12 24 21  0 23 21 23 16 12 12 19 23 22 24 22 21  0 23 22 24 19
 22  4  2 22]",GA,10,0.2,10,0.2
10,2048,48524.0,25.00931310599998,"[22 21 24 23 24 23  0 20  0 14  0 22 22  3 24 24  3 24 20 24 22 23 23 24
 23 22 24 18 13  8 16  3 24 21  1 18 15 23 23 16 12  5 19 23  0 10 24  7
  1  4 24 23  9 17 18 15  4 12 23 24  5 24 23 23 24 24 18 24 22 22 19 24
 24 24 14 15 24 21  0  2 21 23 17 12 15 19 23 22 24 22 21  0 24 22 24 24
 22  4  5 22]",GA,10,0.2,10,0.2
11,2,35766.0,0.032811652000020786,"[ 3 20 15 12 12 21  4  9 17 14 11 18 24 19 22 13  8  2 23 14 23 14 20  5
 20 17  9 23 21  3 21 24  7 21  8 22  7 12  3 16 23 24 12 18  5  7 24 19
 14 22 23 19  0  2 17  5  1 11 23 19  2 19 23 21  9 10 10  1  3 17 24  7
  2 21 19 20 16 12 18  8 17 23  7 20 14  4 19 19 19  9 18  1 15  1 16  9
 23 10 19 23]",GA,10,0.4,10,0.4
12,4,35766.0,0.06688659299999244,"[ 3 20 15 12 12 21  4  9 17 14 11 18 24 19 22 13  8  2 23 14 23 14 20  5
 20 17  9 23 21  3 21 24  7 21  8 22  7 12  3 16 23 24 12 18  5  7 24 19
 14 22 23 19  0  2 17  5  1 11 23 19  2 19 23 21  9 10 10  1  3 17 24  7
  2 21 19 20 16 12 18  8 17 23  7 20 14  4 19 19 19  9 18  1 15  1 16  9
 23 10 19 23]",GA,10,0.4,10,0.4
13,8,36689.0,0.12634050000002617,"[ 3 20 15 12 12 21  4  9 17 19 11 18 24 19 22 13  8  0 23 24 23 14 20  5
 20 17  9 23 21  3 21 24  7 21  8 22  7 12  3 16  5 24 12 18 15  7 24 19
 14 22 23 19  0  2 17  5 23 11 23 19  2 19 23 21  9 10 10  1  3 17 24  7
  2 21 19 20 16 12 18  8 17 23 17 20 14  4 19 22 19  9 18 20 15  1 20  9
 23 17 19 23]",GA,10,0.4,10,0.4
14,16,38138.0,0.23905714500000386,"[ 3 20 15 12 12 21  4  9 17 19  4 18 24 19 22 13  8  0 23 24 23 14 20  5
 20 17 19 23 21  3 21 16 22 21  8 22 15 12  3  3  5 24 12 18 15  7 24 19
 14 22 23 19  0  2 17  5  1 15 23 19  2 11 23 21  9 10 10  7  5 17 24  7
  2 21 19 20 16 12 18  8 17 23 17 20 14  4 19 19 19  9 23  1 15 23 20  9
 23 17 14 23]",GA,10,0.4,10,0.4
15,32,39945.0,0.4383173630000101,"[ 3 20 15 12 12 21  4  9 17 19  4 18 24 19 22 13  8  0 23 24 23 14 20  6
 20 17 19 23 21  3 21 24 22 21  8 22 15 12  3  3  5 24 12 18 15 13 24 19
 14 22 23 19 18  2 17  5  9 11 23 19  2 11 23 21 17 10 10 23  5 17 24 24
  2 21 19 20 16 12 18  8  3 23 17 20 14 17 19 22 19  9 14  1 15 23 20  9
 23 17 14 23]",GA,10,0.4,10,0.4
16,64,41474.0,0.7807065350000357,"[ 3 20 15 12 12 21  4  9 11 19  4 18 11 19 22 13  8 20 23 24 23 14 20  6
 20 17 19 23 21  3 21 24 22 21  8 22 22 12  3  3  5 24 12 18 15 13 24 19
 14 22 23 24 16  2 17  5  9 11 23 19  2  2 23 23 20 10 10 23  5 17 24 24
 10 21 19 20 16 12 18  8  3 15 17 20 22 17 19 22 19 21 14  1 23 23 20  9
 23 12 14 23]",GA,10,0.4,10,0.4
17,128,43598.0,1.598431215000005,"[ 3 20 15 21 12 21  4 21 11 19  4 18 11 19 22 13  8 20 23 24 23 14 22 11
 20 17 19 23 21  3 21 24 22 21  8 22 22 20  3  3  1 24 12 23 15 20 24 19
  1 22 23 24 16  2 17  5 16 11 23 19  2 11 23 23 18 10  8 23 16 17 24 24
 23 21 19 20 16 12 13  8  3 23 17 20 22 17 19 22 19 23 14  1 23 23 20  9
 23 12 14 23]",GA,10,0.4,10,0.4
18,256,44491.0,3.001100297999983,"[ 3 20 15 21 13 21  4 21 11 19  4 18 21 19 22 14  8 20 23 24 23 14 22 13
 20 17 19 23 21  3 21 17 22 21  8 22 22 20 13  3  1 24 12 24 15 20 24 11
  1 22 23 24 16  2 13  5 16 11 23 19  2 11 23 23 18 10  8 23 22 19 24 24
 23 21 19 20 12 12  6  8  3 23 17 20 22 17 22 22 23 23 14  1 23 23 20 11
 23 12 18 23]",GA,10,0.4,10,0.4
19,512,46106.0,6.113176349000014,"[ 3 20 15 21 19 21  4 21 11 17  4 18 23 19 24 14  8 20 23 24 23 14 22 13
 20 23 22 23 21  3 23 17 22 18  8 22 22 23 21  3  1 24 12 24 21 20 24 17
  1  2 23 24 16  2  2 24 16 16 23 20  2 11 23 23 23 10 17 23 22 19 24 24
 24 21 19 20 12  7  3  8  3 23 17 20 22 22 24 23 23 23 22  2 23 23 20 11
 24  6 18 17]",GA,10,0.4,10,0.4
20,1024,47100.0,11.60334123299998,"[ 3 20 20 21 20 21  4 21 11 17  2 18 23  3 24 16  8 23 23 24 23 14 23 21
 24 24 24 23 21  3 23 17 22 18  8 22 22 23 21  6  1 24 12 24 21 22 24 21
  1  2 24 24 16  6  2 24  0 16 23 20 13 11 24 24 23 10 17 23 22 24 24 24
 24 21 19 16 12  7  3  8  3 24 17 24 22 22 24 23 23 24 22  2 23 23 20 11
 22  6 12 17]",GA,10,0.4,10,0.4
21,2048,48188.0,23.22483523400001,"[14 20 22 21 24 21  4 21  4 18  2 21 24  3 24 16  4 23 23 24 24 19 23 21
 24 24 24  3 21  3 23 17 23 22  8 22 22 23 21  8  7 24 23 24 16 22 24 24
  1  2 24 24 16  6  3 24  1 16 23 20  9 10 24 24 23 18 19 23 22 24 24 24
 24 23 19 16 12  7  3  8 14 24  2 17 22 22 24 23 24 24 22  2 24 23 24 11
 22  6  7 17]",GA,10,0.4,10,0.4
22,2,32259.0,0.02646068799998602,"[12  5  6 19 10 16  7  5  3 14  7 13 24 18 20 17 16  9  4  4 16  0 18  1
 12 24 23 23  9 18  3 21 17 10  1 20 11 23 12 20  4 17  3 17  5 17  3  9
  7 12  9  6 11  9 12 20  7 20 15  8 18 12 18 15 17 22 13 13 13 17 20 20
 21 23  8 15  0  0  5 14 21  6  3 16 13  4 20 14  1 11 20 17 14 15 17 21
  9  3  7 24]",GA,10,0.6,10,0.6
23,4,32259.0,0.05642176600002813,"[12  5  6 19 10 16  7  5  3 14  7 13 24 18 20 17 16  9  4  4 16  0 18  1
 12 24 23 23  9 18  3 21 17 10  1 20 11 23 12 20  4 17  3 17  5 17  3  9
  7 12  9  6 11  9 12 20  7 20 15  8 18 12 18 15 17 22 13 13 13 17 20 20
 21 23  8 15  0  0  5 14 21  6  3 16 13  4 20 14  1 11 20 17 14 15 17 21
  9  3  7 24]",GA,10,0.6,10,0.6
24,8,33110.0,0.10995112199998403,"[12 10 15 19 12 16 22  5  3 14 20 17 24  5 20 20 16  9  9 11 21 12 18 22
 12 24 23 23 17 18 20  9 17 19  1  3 11 23 19 20  4 17  3 17  5  9  9  9
  7 12  3  6  1 19 12  9  7 20 15  8 18 12 18 15 17 22 16 13 13 17 21 20
 21 23  2 15  6  0  5 14  3  6  3  1 13  0 20 14  1 11 20 17 14  3 24 21
 12  0  7 19]",GA,10,0.6,10,0.6
25,16,34828.0,0.20694323999998687,"[12  5 15 19 23 16 22  5  3 14 20 13 24 18 20 17 16  9  4 11 21  0 18  1
 12 24 23 23 17 18  3 21 17 19  1 20 11 23 19 20  4 17  3 17  5 17  9  9
  7 12  9 19 11 19 12  9  7 20 15  8 18 12 18 15 17 22 16 13 13 17 21 20
 21 23  8 15  6  0  5 14  3  6  3 16 13  4 20 14  1 11 20 17 14 15 24 21
  9  3  7 24]",GA,10,0.6,10,0.6
26,32,36117.0,0.40845531799999435,"[12 19 15 19 23 16 22 16 17 14 20 13 24 18 20 17 16  9  4 11 21  0 18  1
 12 24 23 20 17 18  3 21 17 19 18 20 11 23 19 20  4 17  3 17  5 17  9  9
  7 12  9 19 11 19 12  9  7 20 15  8 18 12 18 15 17 22 16 13 13 17 21 20
 21 21  8 15  0  0  5 14 21 10  3 16 13  4 20 14  1 11 24 17 14 15 24 21
  9  3  7 24]",GA,10,0.6,10,0.6
27,64,37778.0,0.7572560020000196,"[12 19 15 19 23 16 22 16 17 14 20 13 24 18 20 23 16  9  4 11 21  0 18  1
 12 24 23 23 17 18  3 21 17 19 18 20 11 23 19 20 17 17 12 17  5 17  9  9
  7 12  9 19 18 19 12  9  7 20 15  8 18 12 18 15 17 22 16 13 13 17 21 20
 21 21  8 15 16  0  5 14 21 10  3 16 13  4 20 14 13 11 24 10 14 15 24 21
  9  8  7 24]",GA,10,0.6,10,0.6
28,128,39227.0,1.4734897230000001,"[12 19 15 19 23 19 22 16 17 14 20 13 24 18 20 23 11  9 14 11 21 18 18  1
 12 24 23 23 17 18  5 21 17 19 18 20 11 24 19 20 17 23 12 17  5 17  9  9
  7 12  9 19 18 19 12  9  7 20 15  8 18 12 18 15 17 22 16 13 13 17 21 20
 21 21  8 15 16  0  5  1 21 10  3 23 13  4 20 14 23 11 24 10 14 15 24 21
  9  8  7 24]",GA,10,0.6,10,0.6
29,256,40201.0,2.882223797999984,"[12 19 15 19 23 23 22 19 17 14 20 13 24 18 20 23  2  9 14 11 21 18 18  1
 12 24 23 23 10 18  5 21 17 19 18 23 11 24 19 20 16 23 12 17  8 17 14  9
  7 12 12 19 18 19 12  9  2 20 15  8 18 12 18 15 17 22 16 13 23 20 21 23
 21 21  8 15 16  0  5  1 21 10  3 23 13  4 20 14 24 11 24 10 14 19 24 21
  9  8  7 24]",GA,10,0.6,10,0.6
30,512,42074.0,5.718079439000007,"[18 19 15 19 23 23 22 19 17 14 20 16 24 18 20 23  2  9 14 11 21 14 22  1
 12 24 23 23 10 18 23 16 17 19 18 23 13 24 19 20 16 23 12 17  8 17 14  1
  7 12 23 19 18 19 12  9  2 20 15  8 11 12 19 15 20 22 16 13 23 20 24 23
 21 24  8 15 16  0  5  1 21 12  3 23 13  4 20 14 24 12 24 10 23 19 24 21
  9  8  2 24]",GA,10,0.6,10,0.6
31,1024,45273.0,11.164014043999998,"[21 19 24 19 23 23 22 19 17 14 12 23 24 18 24 23  2 22 14 20 24 14 22  1
 12 24 23 23 18 18 24  8 17 22  9 23 13 24 19 20 22 23 14 22 10 17 14  2
  4  1 24 19 21 13 12  9  2 20 15  8 11 10 18 20 22 22 20 15 23 22 24 24
 22 24  9  4 16  0  4  1 21 21  8 23 18  4 20 14 24 24 24  1 24 19 24 21
 12  3  2 24]",GA,10,0.6,10,0.6
32,2048,47594.0,21.80295915100004,"[21 19 24 19 23 24  4 22  6 14  4 23 24 11 24 23  2 22 14 22 24 22 22 23
 19 24 23 24 18 18 24 10 20 22  2 23 19 24 19 24 22 23 14 22 10 17 14  8
  4  1 24 23 21 13  9 13  2 20 17  9 11  1 18 20 22 22 20 22 23 23 24 24
 23 24  9  4 21 14  1  1 24 23 13 23 21  4 21 20 24 24 24  1 24 19 24 21
 23  3  2 16]",GA,10,0.6,10,0.6
33,2,33623.0,0.028509355999972286,"[ 5 14 22  1  4 19 23  2  3 22 19 17 21  8 22 23  1 23 17 23 15  4  5  6
  5 18 13  8 10 19 10  0 20  8  1 19 19 15 22  0 23 14 17 22  3  5 17 14
  3 22  7 10  2 11 17 13 17 16 15 19  2 22  8 13  7  6 13 19 23 21 19  8
 15 16  4  1 23  5 16 19 17 12 16 18 14 15  5 24  5 15  6  4 20 18 24 21
 18 22 19 22]",GA,10,0.8,10,0.8
34,4,35142.0,0.05763968200000136,"[17 14 22  5  2  0 11  2  3 22  0 17 10  8 22 23  1 13 17  9 15 10 24  6
 21 18 11 15 10 19 18  0 20  8 12 19 19 15 17  5 22 14  9 22 11  5 13  6
  3 22 20 10  2 11 17 13 17 16  1 19  2 20 14 13  7  6  9 19 19 21 24  8
 15 23  4  1 16  5 16 11 17 12  2 21 14 15 16 24 22 24 11 23 20 18 24 21
  2 22  4 21]",GA,10,0.8,10,0.8
35,8,36356.0,0.1057051419999766,"[17 14 22  5  2 19 23  2  3 22 19 17 10  8 22 23  1 13 17 23 15  4 24  6
 21 18 13 15 10 19 10  0 20  8  1 19 19 15 17  5 22 14  9 22 11  5 13  6
  3 22 20 10  2 11 17 13 17 16  1 19  2 20 14 13  7  6  9 19 23 21 24  8
 15 23  4  1 16  5 16 11 17 12 16 21 14 15 16 24 22 24  6 23 20 18 24 21
  2 22  4 22]",GA,10,0.8,10,0.8
36,16,37112.0,0.1966771289999656,"[17 14 22  5  2 19 11  2  3 22  0 17 10  8 22 23  1 23 17 23 15  4 24  6
 21 18 13 15 10 19 10  0 20  8 12 19 19 15 17  5 22 14 17 22 11  5 17  6
  3 22 20 10  2 11 17 13 17 16  1 19  2 20 14  9 14  6 13 19 19 21 24  8
 15 23  4  1 16  5 16 11 17 12 16 21 14 15 16 24 22 24 11 23 20 18 24 21
  2 22  4 21]",GA,10,0.8,10,0.8
37,32,38528.0,0.3558927739999831,"[17 14 22  5  2 19 11  2  3 22 19 17 10  8 22 23  1 23 17 23 15  4 24 10
 21 18 13 15 10 19  7  0 20  8  1 19 19 15 17  5 22 14 17 22 11  5 17  6
  3 22 20 10  2 11 17 13 17 16 14 19  2 22 14 13 14  6 13 19 23 21 24  8
 15 23 12  1 16  5 16 11 17 12 16 21 14 15 16 24 22 24 22 23 20 18 24 21
  2 22  4 22]",GA,10,0.8,10,0.8
38,64,39632.0,0.6886390259999757,"[17 14 22  5  2 19 11  0  3 22 19 17 10  8 22 23  1 23 17 23 15  4 24 10
 21 18 13 15 19 19 23  0 20  8  1 19 19 15 17  5 22 14 17 22 11  5 17  6
  3 22 20 10 23 11 17 13 17 16 14 19  2 22 14 13 14  6 19 19 23 21 24  8
 15 23 12  1 16  5 16 11 17 12 16 21 14 15 16 24 22 24 22 23 20 18 24 21
  2 22  4 22]",GA,10,0.8,10,0.8
39,128,40389.0,1.3850440049999975,"[17 14 22  5 24 19 11  2  3 22 19 17 13  8 22 23  1 23 17 23 15  4 24 10
 21 18 13 15 19 19 23  1 20  8  1 19 19 15 17  5 22 14 17 22 11  5 17  6
  3 22 20 10 23 11 17 13 19 16 14 19  2 22 14 13 14 17 19 19 23 21 24  8
 15 23 12  1 16  5 16 11 17 12 16 21 14 15 16 24 22 24 22 23 20 18 24 21
  2 22  4 22]",GA,10,0.8,10,0.8
40,256,40803.0,2.8574547970000026,"[17 14 22  5 24 19  2  2  3 22 19 17 13  8 22 23  1 23 17 23 15  4 24 10
 21 18 13 15 19 19 23  1 20  8  1 19 19 15 17  5 22 14 17 22  4  5 17  6
  3 22 20 10 23 11 17 13 19 16 14 19  2 22 14 13 14 17 19 19 23 21 24  8
 20 23 12  1 16 12 16 11 17 12 16 21 14 15 20 24 22 24 22 23 20 18 24 21
  2 22  4 22]",GA,10,0.8,10,0.8
41,512,43213.0,4.692491274999952,"[22 14 22 14 24 19 11 24  3 22 19 17 19  5 22 24  1 23 17 23 23  4 24 10
 21 18 24 15 19 19 23  1 20  8  1 19 19 24 12 23 16 14 17 22  4  5 17  6
  3 15 20 10 23 11  1 13 22 16 23 19  2 22 21 15 14 17 19 19 15 21 24  8
 20 23 12  1 16  5  7 11 16 18 16 21 14 12 21 24 22 24 22 23 20 18 24 21
  2 22  4 22]",GA,10,0.8,10,0.8
42,1024,45072.0,8.55945933199996,"[22 14 16 10 24 19 11 24 21 22 19 17 21  5 22 24  1 23 17 23 23 12 24 10
 21 18 24 14 20 19 23  1 20 12  1 19 19 24 12 23  9 14 17 22  4  5 17  6
  1  8 22 18 23 11  1 17 22 16 23 19  2 22 21 15 21 17 19 19 20 23 24 21
 20 23 12 14 16  5  7 11 16 23 16 13 14 12 21 24 22 22 22  0 20 19 24 21
  2 22  5 22]",GA,10,0.8,10,0.8
43,2048,46128.0,16.173293392999994,"[22 14 16 10 24 19  0 24 21 22 19 24 21  5 22 24  1 23 17 23 23 12 24 10
 22 19 24 14 20 16 23  1 20 12  2 19 19 24 12 23  9 14 17 24  4 11 17 11
  1  1 22 19 24 11  1 17 22 23 23  1  2 22 21 15 21 17 19 19 20 23 24 21
 23 23  7 14 22  5  7 11 19 23 16 20 14 18 21 24 22 22 22  0 22 19 24 21
  2 22  5 22]",GA,10,0.8,10,0.8
44,2,32151.0,0.018012278000014703,"[ 0 19  6 14 18 19 11 16 15 19 22  9  6 23 17 11  1 15 22 12 23 16  2  4
  7  6  4 18  8  7  3 14 15  8  9 13  7 15 23  6  5 24 20 19  7 21  9 14
 22  8  1 18 24 17 16  4 12 24 21 11 10  9 23  4 11 21 22  0 19 12  8  7
 21  9 24  1 10 12 13 21 12 17 17  6  8 11 11 17 10 22 20  0 15 22  3 19
 21  2  0 21]",GA,10,1.0,10,1.0
45,4,32909.0,0.03673100299999987,"[ 0 14  8 10  8 10 11 24 12 15 12 18  8 15 17 17 12 22 21  0 18 16 20  5
 22  3 20 16 20  4  8 11  6 22  4 19  7  9  7 23  1 14  9 18 17  6  7 24
  6 24  1 19 18 24 16  2 20  0 21 11 18  9 23 12 15 21 18  4  7 11 22  9
 21  4 12 19 10  3 22 11  2 17  7 18 16 15 18 17  7 19 20 23 15  8 24 21
  7  2 19 22]",GA,10,1.0,10,1.0
46,8,33396.0,0.06833140899999535,"[ 0 19 23 14 18 19 11 16 15 22 22  9  8 15 17 11  5 22 21 12 23 18 13  4
 14  3  4 18 14  7  3 14 15  8  9 13  7 15 23 23 20 24  9 19 17 21  7 14
 22  8  1 19 24 24 16  4 12  6 21 23 14  9 23  4 13 21 22  0 19 12  8  9
 21  9  5 19 10  3 13 11 19 17 17  6  8 19 18 17  7 22 20 10 15  8  3 19
 21  2 19 21]",GA,10,1.0,10,1.0
47,16,35896.0,0.1264732239999944,"[ 0 19  6 10 18 19 11 24 15 22 22 18  8 12 17 17  1 22 21 23 23 16 20  4
 22 11  4 16 20  4  8 11 15 22 10 19  7 15 23  6 20 24  9 19 17 21  7 14
 16 24  1 19 24 24 16  4 12  6 21 11 14  9 23 12 15 21 18  4 19 12 22  9
 21  9  5 19 10 12 13 11  2 17  7 18  8 19 18 17  7 19 20 23 15  8 16 21
  7  2  0 21]",GA,10,1.0,10,1.0
48,32,36803.0,0.24011060499998393,"[ 0 19 23 10 18 19 11 24 15 22 22 18  8 12 17 17  1 22 21 23 23 16 20  4
 22 11 20 16 20  4  8 11 15 22 10 19  7 15 23  6 20 24  9 19 17 21  7 14
 16 24  1 19 24 24 16  4 12  6 21 11 14  9 23 12 15 21 18  4 19 12 22  9
 21  9  5 19 10 12 13 11  2 17  7 18  8 15 18 17  7 19 20 23 15  8 16 21
 19  2  0 21]",GA,10,1.0,10,1.0
49,64,36803.0,0.4615519559999939,"[ 0 19 23 10 18 19 11 24 15 22 22 18  8 12 17 17  1 22 21 23 23 16 20  4
 22 11 20 16 20  4  8 11 15 22 10 19  7 15 23  6 20 24  9 19 17 21  7 14
 16 24  1 19 24 24 16  4 12  6 21 11 14  9 23 12 15 21 18  4 19 12 22  9
 21  9  5 19 10 12 13 11  2 17  7 18  8 15 18 17  7 19 20 23 15  8 16 21
 19  2  0 21]",GA,10,1.0,10,1.0
50,128,36803.0,0.9080197060000046,"[ 0 19 23 10 18 19 11 24 15 22 22 18  8 12 17 17  1 22 21 23 23 16 20  4
 22 11 20 16 20  4  8 11 15 22 10 19  7 15 23  6 20 24  9 19 17 21  7 14
 16 24  1 19 24 24 16  4 12  6 21 11 14  9 23 12 15 21 18  4 19 12 22  9
 21  9  5 19 10 12 13 11  2 17  7 18  8 15 18 17  7 19 20 23 15  8 16 21
 19  2  0 21]",GA,10,1.0,10,1.0
51,256,36803.0,1.8654022709999936,"[ 0 19 23 10 18 19 11 24 15 22 22 18  8 12 17 17  1 22 21 23 23 16 20  4
 22 11 20 16 20  4  8 11 15 22 10 19  7 15 23  6 20 24  9 19 17 21  7 14
 16 24  1 19 24 24 16  4 12  6 21 11 14  9 23 12 15 21 18  4 19 12 22  9
 21  9  5 19 10 12 13 11  2 17  7 18  8 15 18 17  7 19 20 23 15  8 16 21
 19  2  0 21]",GA,10,1.0,10,1.0
52,512,36803.0,4.140294900000015,"[ 0 19 23 10 18 19 11 24 15 22 22 18  8 12 17 17  1 22 21 23 23 16 20  4
 22 11 20 16 20  4  8 11 15 22 10 19  7 15 23  6 20 24  9 19 17 21  7 14
 16 24  1 19 24 24 16  4 12  6 21 11 14  9 23 12 15 21 18  4 19 12 22  9
 21  9  5 19 10 12 13 11  2 17  7 18  8 15 18 17  7 19 20 23 15  8 16 21
 19  2  0 21]",GA,10,1.0,10,1.0
53,1024,36803.0,8.061028210000018,"[ 0 19 23 10 18 19 11 24 15 22 22 18  8 12 17 17  1 22 21 23 23 16 20  4
 22 11 20 16 20  4  8 11 15 22 10 19  7 15 23  6 20 24  9 19 17 21  7 14
 16 24  1 19 24 24 16  4 12  6 21 11 14  9 23 12 15 21 18  4 19 12 22  9
 21  9  5 19 10 12 13 11  2 17  7 18  8 15 18 17  7 19 20 23 15  8 16 21
 19  2  0 21]",GA,10,1.0,10,1.0
54,2048,36803.0,8.139889960999994,"[ 0 19 23 10 18 19 11 24 15 22 22 18  8 12 17 17  1 22 21 23 23 16 20  4
 22 11 20 16 20  4  8 11 15 22 10 19  7 15 23  6 20 24  9 19 17 21  7 14
 16 24  1 19 24 24 16  4 12  6 21 11 14  9 23 12 15 21 18  4 19 12 22  9
 21  9  5 19 10 12 13 11  2 17  7 18  8 15 18 17  7 19 20 23 15  8 16 21
 19  2  0 21]",GA,10,1.0,10,1.0
55,2,34875.0,0.14234119100001408,"[18 17  6 19 17 24 22 17 18 17 21 17 14 16  1 22  1  6 19 18 19  7 19 17
 16 15 24 16  5  4 10 16 14 18 10 11 16 24  2 15  4  8 20 21 12 12 23 21
  3 23 18  5  3 20  8  0  9 13 14 16  7  1 13 12 18 15  3 16 12  7 16 15
 15 12  9 12 19  7 23  9 23 22 13 23 11 21 13  3 24 22  0 23  3  5 15 23
 23 20 14 20]",GA,50,0.2,50,0.2
56,4,36141.0,0.24378788800004259,"[18 18  6 14 18 24 24 17 13  4 10 17 24 16  1 11  1  6 19 18 19  7 19 22
 23 14 24 16 13 17 10 16 14 18 10 13 16 24  2 15  4 11 20  7 12 12 23 20
  3 17 18 22  3 20  2 23  9 13 14 16  7  1 13 12 18 15  3 16 15  8 16 15
  5  5 11 12 19  7 23  9  1 22 13  4 16 19 15  3 24 22 24 23 21 14 15 23
 14 20 20 20]",GA,50,0.2,50,0.2
57,8,37639.0,0.46653667000003907,"[17 18 18 14 18 24 24 23 12  4 12  1 24 10  1 11  1 17 19  2 19 22 22 22
 23  8 20 16 13 17 11 16 14 18 12 23 17 24 23 22 16  6 20  7 17 14  5 21
  7 12 16 22  3 20  0 23  8 13 15  3  2 21 19 12 24 15  3 16  4 20 16 24
  5  0 21 12 18 20 23 23  1 22 13  4 16 19 18 20 24 19 19  4 19 14 15 23
 15  3 20 20]",GA,50,0.2,50,0.2
58,16,39397.0,0.9027796450000096,"[17  5  6 19 10 22 24 17 12 21 12 17 24 10  8 11  1  6 19 23 19 22 22 22
 23  8 20 16 13 20 15 16 14 18 12 23 16 24 23 18 16  6 20  7 12 12  5  0
  3 12 16 22  5  3  7 23 23 13 14  3  2 21 19 12 22 15  3 16 15 20 16 21
 18 17 14  8  5 20 23  9 15 22 23  4 16 23 19  6 24 19 24 21 18 14 20 23
 15  7  5 20]",GA,50,0.2,50,0.2
59,32,43746.0,1.4876021950000222,"[17  5 18 17 16 23 10 22  9  4 18 17 24 10 15 22  1 16 19 19 19 22 22 13
 23 14 24 21 22 20 15 16 20 14 18 23 16 24 23 20  6  6 20 21 12 12 24  5
  3 17 20 22  3 21  8 19  9 13 14 11  2 12 22 23 24 21  3 16 15 21 16 24
 18 24 11 10 19  7  5  9 15 23 23 22 17 21 19 17 24 22 24  4 24 14 15 23
 24  7  6  2]",GA,50,0.2,50,0.2
60,64,45454.0,3.006621992000021,"[17 16 18 23 18 23 10 22 10 22  2 17 24 10 15 22  1 16 19 23 19 22 19 22
 23 20 24 21 22 20 10  0 20 14 12 23 16 24 23 17  6  6 24 21 12 12 24  5
  3 12 18 22  3 17  0 19  9 13 15 11  6 12 22 23 24 11 24 16 22 23 20 24
 18 24 11 10 19  9  5  9 15 23 23 15 17 21 19 17 24 22 24  4 24 14 17 23
 15  5  6 20]",GA,50,0.2,50,0.2
61,128,47478.0,5.469613760000016,"[17 19 18 23 18 23  4 22 10  4  2 20 24 10 15 22  1 16 19 23 19 22 22 21
 23 20 24 21 22 20 20  0 24 14 12 23 24 24 23 10  6 23 20 21 12 23 24  5
  5  0 22 22 15 17  0 23  4 23 15 11  2  8 22 23 24 22 24 16 22 24 20 24
 18 24 11 10 22 23  2  9 16 23  7  0 17 21 19 24 24 22 24  4 24 22 23 23
 24  5 16 20]",GA,50,0.2,50,0.2
62,256,48944.0,10.343685639,"[23 17 22 23 18 23  4 22  7  4  2 20 24 10 23 22  1 23 20 24 19 22 22 23
 23 20 24 21 22 20 20  0 24 14 12 23 24 24 23 17 11 23 20 21 12 23 24  5
  5  0 22 22  2 17  0 23  4 17 24 11  2  1 22 24 24 22 24 16 22 24 20 24
 20 24 11  4 22 23  2  5 24 23  7 15 17 21 24 24 24 22 24  1 24 24 23 23
 24  5  5 20]",GA,50,0.2,50,0.2
63,512,49948.0,22.729857268000046,"[23 20 22 23 21 23  3 22  7  4  2 20 24 10 23 24  1 24 22 24 20 22 22 23
 23 24 24 23 22 18 20  0 24 19  1 23 24 24 21 24 11 23 20 24  6 23 24  5
  3  0 22 22  1 12  0 23  4 22 24 17  2  0 22 24 24 22 24 21 24 24 20 24
 24 24 11  1 22 23  0  0 24 23  3 15 17 21 24 24 24 23 24  1 24 24 24 23
 24  5  5 22]",GA,50,0.2,50,0.2
64,1024,50643.0,53.19590378100003,"[23 20 22 23 23 23  2 24  7  5  2 20 24  5 23 24  1 24 22 24 23 24 22 24
 23 24 24 21 22  2 23  0 24 19  0 23 24 24 21 24 23 23 18 24  2 23 24  2
  3  0 24 22  5 12  0 23  4 22 24 17  2  0 22 24 24 22 24 23 24 24 24 24
 24 24 11  2 24 24  0  0 24 23  1 24 17 21 24 24 24 23 24  1 24 24 24 23
 24  0  2 23]",GA,50,0.2,50,0.2
65,2048,51169.0,113.67388497800005,"[24 19 23 24 24 23  0 24  7  5  2 22 24  5 24 24  1 24 23 24 23 24 24 24
 24 24 24 19 22  0 23  0 24 19  0 23 24 24 21 24 23 23 18 24  0 23 24  5
  1  0 24 24  5 12  0 23  3 24 24 17  0  0 24 24 24 22 24 24 24 24 24 24
 24 24 11  2 24 24  0  0 24 24  1 24 19 21 24 24 24 23 24  1 24 24 24 23
 24  0  0 23]",GA,50,0.2,50,0.2
66,2,34610.0,0.13196179700003086,"[ 4  8 13 11 19 22 16  9  5  9  8 24  8 19  4  4  1 21 24 17 19  9 16 15
  9 16  4 18 20 18  8 21 23 20  0 18 10 20 20 17  2  3  5 20 23  3 22 18
 11 12 22 19 21 10 16  2 18 17 17 18  1 10 11  5 11  3 15  1 21  0  7 21
 23 21  4  0 18  3  3 16 10 21 21 21 16  4 23  2 18  8 10 12 24 21 22 17
 15 19 16  8]",GA,50,0.4,50,0.4
67,4,35925.0,0.23951560800003335,"[17 19 15 17 19 21 22 19  1 17 14  5 19 20 18 21  5  6 20  3 11 18 21  9
 14  2  5 18  1 18 17 15 24  6  2 21 17 13 23  5 13  0 12 14 17 16 22  6
 18  1 22 19 21 20 15  5 22 17 17 12  3 20 16 11  9  4 23  1 23 21 13 12
 23 17  0 22  2 22  3  0 12 23 12 20 19 14 16 20 10 17 23 20 24  8 18 17
 22 19 16  6]",GA,50,0.4,50,0.4
68,8,37056.0,0.44659209500002817,"[18 18  3  4  9 14 21 17 21 20 13 21 13 11 21 23  4 24 15 13  1  1 11 17
 17  2 23 11  1  2  6 11 23 20  2 17 19 13 11 23  4 17  6 20 12 14 18 21
  2  8 24 16 20 24 15  8 11 11 20 15 13 22 16  3 22 17 23 22 18 12  6 23
  0 22  6 19  2 17  5 19 12 16 18 24 16 22  8 23 11 19  4  4 21 16 20 20
 19 16 18 21]",GA,50,0.4,50,0.4
69,16,39560.0,0.8476687930000253,"[18  2 17 20  9 14 16 13 21 20 14 22 19  2 24 14 22  6 16 13  1 21 13 20
 17 13  5 18 15  2 20 11 23 20 10 24 17 19 20 23 24  3  6 20 12 14 18 23
  2  8 10 24 21 17 16  8 18 17 20 15  8 22 16 16 23 15 23 17 21 24  6 22
  0 21  6 19  2 17 13 13 18 21 18  8 16 22 22 23 11 18  4  4 24 21  5 20
 21 10 17 21]",GA,50,0.4,50,0.4
70,32,42578.0,1.7013864240000203,"[18  8 17  4  9 14 16 14 21 20  8 24 13  2 24 14  5  6 16 13 17  1 13 19
 17 13 23 16  1  2  8 11 23 22  2 24 19 19 23 23  7 24  6 22 19 23 22 21
  2  8 24 24 21 17 15 21 18 11 20 12  8  1 16 24 23  3 21 22 21 24  6 23
 19 22 14 19  2 20  7  0 12 21 18 24 16 22 23 23 14 18 17 13 21 16 20 20
 19 10 16 21]",GA,50,0.4,50,0.4
71,64,44743.0,3.315297147000024,"[18  8 17 19  9 14  1 14 16 20  8 24 13  2 24 14  5 23 16 13 17 21 13 19
 19 23 23 18 15  2  8 11 23 22  2 24 19 19 20 23 24 24  6 22 19  3 22 21
  2  8 24 24 21 17  1 21 18 10 20 15  3  1 16 24 23  3 21 22 18 24  9 23
 19 24 14 19  8 20  7  0 18 21 10 24 22 22 23 23 21 18 17  4 24 21 20 20
 17 10 17 21]",GA,50,0.4,50,0.4
72,128,46916.0,6.428942412000026,"[18 18 17 19 13 14  1 24 16 13  4 24 13  2 24 22  5 23 16 19 17 21 19 19
 19 23 23 18 15  2 24 11 24 22  2 24 19 19 20 23 23 24 16 24 19  3 22  5
  2  8 24 24 23  0  1 21 18 10 20 12  3  1 22 24 23  3 21 22 24 24 23 23
 23 24 14 19  8 20  2  0 12 21 18 24 22 22 23 23 21 18 17  4 24 21 20 20
 20 10 11 21]",GA,50,0.4,50,0.4
73,256,48409.0,12.842032363000044,"[23 18 17 19 24 15  1 24 16 13  4 24 11  2 24 22  5 23 15 19 17 21 24 19
 24 23 23 18 15  2 24 11 24 24  2 24 23 19 20 23 24 24 16 24 20  4 22  2
  2  8 24 24 23  0  1 21  7 10 20 10  3  6 22 24 23 14 21 22 24 24 23 23
 23 24 14  1 11 20  2  0 17 21  4 24 22 22 23 23 24 24 22  3 24 21 23 20
 17  3 11 21]",GA,50,0.4,50,0.4
74,512,49413.0,25.749392897999996,"[23 18 23 19 24 15  1 24 16 13  2 24 24  2 24 22  3 23 15 19 23 21 24 23
 24 23 24 21 15  2 24 11 24 24  2 24 23 23 20 23 24 24 16 24 20  4 22  1
  2  2 24 24 19  0  1 21  5 15 21 10  3  1 22 24 24 14 21 22 24 24 23 24
 23 24 14  1 11 20  2  0 23 21  3 24 22 22 23 23 24 24 23  1 24 21 23 24
 17  5 11 21]",GA,50,0.4,50,0.4
75,1024,50526.0,51.52865192999997,"[24 22 24 22 24 15  1 24 16 13  2 24 24  2 24 22  2 23 22 21 23 23 24 24
 24 23 24 21 15  2 24 11 24 24  2 24 23 24 20 23 24 24 18 24  0 13 24  1
  0  2 24 24 19  0  1 22  5 15 23 11  2  1 22 24 24 14 21 24 24 24 23 24
 23 24 14  1 22 20  0  1 22 24  3 16 22 22 23 24 24 24 24  1 24 24 23 24
 24  0  4 21]",GA,50,0.4,50,0.4
76,2048,51020.0,103.35716455200003,"[24 24 24 24 24 22  1 24 12 13  2 24 24  2 24 23  0 24 22 23 23 23 24 24
 24 24 24 21 20  2 24 11 24 24  2 24 24 24 21 23 24 24 10 24  0 13 24  1
  0  2 24 24 20  1  1 22  5 15 24  3  2  1 24 24 24 18 21 24 24 24 24 24
 24 24 14  2 23 20  0  0 22 24  3 16 22 22 23 24 24 24 24  0 24 24 24 24
 23  0  0 21]",GA,50,0.4,50,0.4
77,2,33681.0,0.11910840499990627,"[23 14  9  3  8 20 22  2 16 13 21 15  4  6  5 22  9 18 19 17 20 11 23 16
 16 11  6  1  5 19  8 10 19 16 15 15 24  7  6 11 14  0 24 12 11  2 10  6
 24 12  6  1 14 21  3 11  1 13 17 13 15  1 11 12 17 10 11 12 16 20 22 14
  1 12 10 14  8 19 17 24  6 20 24 10 15 19 23  7 24  9 23  9 18 21  8 18
  1 21  5  9]",GA,50,0.6,50,0.6
78,4,35861.0,0.22699701299995922,"[22  6  9 24 14 21 22 19 23 24  1 15 12  2  9  8 14 20 20  8 19  0 15 18
 22  2  7 17 16  7  1  9 19 12 20 21 21 22  7 11 20  6 23 23 11 23 17  5
 12 23 20 14 14 21  3 23 10 24 20 13 20 11 20  6  7  9 20 21 13 17 19 12
 14  7 10 21  8  4  9  1 20  8 19 11 15 22  5  6 21 21 18  5 18 15  9 21
 17 24  5  5]",GA,50,0.6,50,0.6
79,8,37347.0,0.4196452589999353,"[22  6  9 24 14 21 22 19 23  6  1 21 12  2  9 22 14 20 20 17 19  0 15 18
 22  2  7  4 16  7  1  9 19 16 20 21 16 22 14 11 20  6 24 23  8  7 17  5
 12 23 20 14  7 24  6 23 10 24 20 13 20 24 20  6  7  9 20 19 13 20 19 23
 12  7 10 21 24  4  9  1 20  8 19 11 15 19  5 15 24 21 18  1 18  9 12 21
 17 24  5  5]",GA,50,0.6,50,0.6
80,16,38427.0,0.821230853999964,"[ 8  6 12 24 14 10  8 19 13  6  1 21 12  8 20 22 14 20 20  7 14 13 15 18
 22  2  6  4 16 18  1  9 19 17 15 21 21 22 23 11 20  0 24 19 11 23 17  5
 12  0 20 14 14 24  3 23 10 20 20 13 15 13 20 23  0  9 20 19 13 20 19 24
 20 17 10 21 24 13  7  1 20 19 22 22 18 19  9  6 24 21 18  5 18  8 12 18
 17 24  0  9]",GA,50,0.6,50,0.6
81,32,42178.0,1.6145226389999152,"[22  6  9 24 14 21  4 19 23  6  1 21 12  8 20 22  4 20 23 24 19 13 15 18
 22  7  6  9 16  7 22  9 19  3  0 21 21 22 24 18 20 16 23 23  8 23 18 21
 12  2 20 14 14 24  6 23 10 10 16 13 12 13 20 23 18 21 17 19 13 20 23 23
 14 17 23 21  8 13  7  6 20 16 22 21 21 19 21 15 24 21 18  2 22  8 18 21
 17  5 13  5]",GA,50,0.6,50,0.6
82,64,44329.0,3.1810913649999293,"[22 14 19 24 14 21  4 23 13  6  1 21  0  8 20 22  4 20 23 24 13 13 23 24
 22 23  7  4 16  0 22  9 19 22 15 21 21 23 24 11 20  6 23 23  8 23 18  5
 12  2 23 21 14  5  6 23  1 24 16 16 12  8 20 24 18 21 20 19 13 20 23 24
 20 20 23 21 24 13  7  6 20 20 22 17 18 22 18 15 24 21 18  2 22 15 18 21
 17  5 13  9]",GA,50,0.6,50,0.6
83,128,46582.0,6.391204603999995,"[22 14 19 24 24 21  4 23 13  6  1 21 24  8 20 22  4 20 23 24 13 13 23 24
 22 23 20 21 16  0 22  9 19 22  0 21 21 23 24 18 17 16 23 23  8 23 18  5
  1  2 23 21 14  5  6 23  1 24 16 16  2 13 20 24 23 21 20 19 21 20 23 24
 20 20 23 21 24 13  7  6 20 20 22 17 18 22 21 15 24 21 18  1 22 21 18 21
 17  5 13  9]",GA,50,0.6,50,0.6
84,256,47938.0,12.703553038999985,"[22 14 19 24 24 21  4 23 13  6  1 21 24  8 20 22  4 21 23 24 13 13 24 24
 22 23 23 22 16  0 22  3 22 22  0 21 21 23 24 24 16 16 23 24  8 23 18  5
  1  2 23 23 14  5  6 23  1 24 23 16  2 13 23 24 23 21 20 19 21 20 24 24
 24 24 23  2 24 13  5  6 20 20 22 17 18 22 21 20 24 21 18  0 22 21 21 21
 17  2 13 12]",GA,50,0.6,50,0.6
85,512,48904.0,25.267168632999983,"[22 14 22 24 24 21  4 23 13  6  1 21 24  1 24 23  1 21 23 24 13 13 24 24
 23 23 23 22 16  0 22  3 22 22  0 21 24 23 24 24 16 16 23 24  5 23 21  5
  1  2 23 23 14  5  6 23  1 23 23 16  2 13 23 24 24 21 20 19 24 24 24 24
 24 24 23  8 24 13  5  6 20 23 22 17 18 22 21 20 24 21 18  0 23 21 21 24
 17  2 13 12]",GA,50,0.6,50,0.6
86,1024,50003.0,50.437141311999994,"[24 14 23 24 24 21  1 23 13  6  1 21 24  1 24 23  1 24 23 24 19 17 24 24
 23 24 24 21 16  0 23  3 24 22  0 21 24 24 24 24 16 16 23 24  5 23 21  2
  1  2 23 24 14  1  6 23  1 23 23 16  2 11 23 24 24 22 20 19 24 24 24 24
 24 24 23  8 24 13  2  6 24 24 13 17 18 22 24 21 24 21 21  0 24 23 24 24
 24  0 13 12]",GA,50,0.6,50,0.6
87,2048,50734.0,100.62479800400001,"[24 14 22 24 24 21  1 23 13  0  1 23 24  1 24 23  1 24 23 24 19 24 24 24
 23 24 24 22 22  0 24  0 24 24  0 21 24 24 24 24 18 22 23 24  5 23 23  2
  1  0 24 24 14  4  2 23  1 23 24  8  2 11 24 24 24 23 20 22 24 24 24 24
 24 24 23  8 24  8  0  6 24 24 10 17 18 22 24 24 24 24 24  0 24 24 24 24
 24  0 13 12]",GA,50,0.6,50,0.6
88,2,34540.0,0.13093831699995917,"[23  8 16 16 24 12 24 13  7  1 22 18  8 10  5  4 21 19 18  2 19  7  6 12
  1 24 22  8 20 24 20 11 24 10 19 13 22 22 20 11 14 11 10 23 22  5  2 19
 20 17  3 14 22 13 13  4 11 17 16  3 15 14  8 23  1 23 21 21 22 20  1 20
 12  2 11 24 18 12 20 18 22  2 12  3  1 22 17 10 17 19  6 24 13 21 24 18
 14 16 24 23]",GA,50,0.8,50,0.8
89,4,35208.0,0.24190064699996583,"[22  8 16 16 24 12 19 13 20  1 22  3 23 11 21  6 21  6 18  2 22 18  6  6
  4 18 22  8 20 24  4 11 24 10 19 13 22 22 20 11  1 13 24 24 20 14 20 19
 20 24  3 17 24  7 13  4 11 19 13 21 23 14  8 23 19  3 21  9 22 20 16  1
  1 19 11 24 10 13 20 18 22  2 12  3 17  1  3 10 17 19  6 24 22 21 24 18
 14 16 24 23]",GA,50,0.8,50,0.8
90,8,37488.0,0.4489599209999824,"[22  1 21 16 21 19 13 19 20  7 22 16  5 11 21 15 21  1 17  2 24 17 20  1
  4  1 22 20 20 13 15 11 18 17 11 13 24 22 19 24  1 20 24  9 12 12 20 11
 20  6 15 14 24  7  5 20 11 16  2 18 23 14 21 23 19  3  7 24 22 20  3 18
 10 11 11  4 11  2  2 18 24 19 12 19  1 14 15 22 23 19  6 13 22 12 22 18
  6 15 24 12]",GA,50,0.8,50,0.8
91,16,40129.0,0.8417948299999125,"[22  1 21 21 18 23  9 16  1  7 19 16 23 11  5 22 12 16 24 19 24  7 17 16
  5 24 22 20 20  6  4 11 22 17 11 19 24 22 23 22  1 13 24 24 12 24 13  2
 20  6 17  2 24 24 17 14 16 16 14 16  9 14 19 17 19  3 21  9 22 20 16 18
 16 22  3  0 11 14 13 19  7 19 12  0  3 17 23 23 13 19  6 24 19 12 16 22
 21  4 24 12]",GA,50,0.8,50,0.8
92,32,43153.0,1.636301886999945,"[22  1 21 21 15 19  9 22  7  1 12 19  5 11 21 16 15 16 17 19 24 17 24 16
  5 24 20 20 20  6  8  1 22 17 19 21 22 22 23 22  1 13 24 24 12 24 20 18
 10  0 18 17 10 12 17 14  7 16 14 21  9 15 21 17 19 23 21 13 23 20 16 17
 16 24 24  4 11 14  2 18 22 19  5 20 22 14 23 23 23 19  6 13 19 22 15 22
  6 16 16 24]",GA,50,0.8,50,0.8
93,64,45072.0,3.1552506539999285,"[22  1 21  7 21 19  1 22  1  1 12 19 23 11 21 22 15 16 17 19 24 17 24 23
 11 24 22 20 20  6  4  1 22 17 11 21 24 22 23 24 23 12 24 24 12 24 20 18
 10  0 24 22 10 13 17 13  7 16 14 16  9 12 21 17 19  3 21 13 23 20 16 18
 19 24 24  4 10 14  2 18 22 19  5 24 22 17 23 23 23 19 21 13 22 22 22 22
  6  4 16 24]",GA,50,0.8,50,0.8
94,128,46028.0,6.2162731879999455,"[22 15 21  7 21 19  1 22  0  1  2 19 23  3 21 22 12 20 17 19 24 17 24 23
 11 24 24 20 20  6 15  1 23 17 11 21 24 22 19 24 23 12 24 24 12 24 20 18
 10  0 24 22 10 13 17 13  7 16 22 16  9 12 21 17 19 18 21 13 23 20 16 18
 19 24 24  4 20 14  2  3 24 19  5 24 22 17 23 23 23 19 21 13 22 22 22 22
  6  4 16 24]",GA,50,0.8,50,0.8
95,256,46653.0,12.344451745000015,"[22 15 22  7 21 19  1 22  0  1  2 19 23  3 21 22 11 20 17 19 24 17 24 23
 11 24 24 20 20  6 15  1 23 17 11 21 24 22 19 24 23 12 24 24 12 24 20 17
 10  0 24 22 10 13 17 13  7 16 22 19  9 12 21 17 21 18 21 13 23 20 16 18
 24 24 24  4 20 14  2  3 24 23  1 24 24 17 23 23 23 24 21 13 24 23 22 22
  6  4 16 24]",GA,50,0.8,50,0.8
96,512,47679.0,24.47169767799994,"[22 15 22 18 24 15  1 22  1  1  2 23 23  5 21 22  5 20 17 19 24 17 24 23
 11 24 24 20 20  6 15  1 23 17  3 21 24 22 19 24 23 12 24 24  6 24 20 17
 10  0 24 22 10 13 17 13  7 16 22 19  9 12 21 24 24 18 21 23 23 20 16 24
 24 24 23  4 20 15  2  3 24 23  1 24 24 17 23 23 23 24 21 13 24 23 22 22
  8  4 16 24]",GA,50,0.8,50,0.8
97,1024,48488.0,49.332857225,"[22 12 22 18 24 15  1 22  1  1  2 23 23  3 22 22  5 23 17 22 24 21 24 23
 12 24 24 20 20  6 15  1 23 17  3 21 24 22 19 24 23 24 24 24  6 24 24 17
 10  0 24 22 16  2 17 13  7 16 22 19  9  6 21 24 24 21 21 24 23 23 16 24
 24 24 23  4 20 15  2  3 24 24  1 24 24 20 23 23 23 24 21 13 24 24 22 22
  8  4  7 24]",GA,50,0.8,50,0.8
98,2048,49613.0,98.190920635,"[22 12 24 24 24 15  1 23  2  1  1 23 24  5 24 22  4 23 19 23 24 20 24 24
 20 24 24 20 20  5 19  1 23 17  7 21 24 24 19 24 23 24 24 24  6 24 24 24
  7  0 24 23 23  2  4 13  7 18 22 11  5  6 21 24 24 21 21 24 23 23 16 24
 24 24 19  4 24 15  2  3 24 24  1 24 24 20 23 23 23 24 21  6 24 24 22 24
 23  4  7 24]",GA,50,0.8,50,0.8
99,2,33571.0,0.11558481600002324,"[17 19  7 18  0 21 21  7 14 15  3 23  1 19  9  0 16 23 12 21 12  2 10 17
  3  7 13 20 24 18 24 14 20  4  1 16 23 18  9 21 18 24 23 21 10  0 15  6
  7 12 24  6  2 10 23  4  3  6  2 21 22  0 24 12 14  1 20 14 12 16 23  0
 21 11 15 10 11 21  3  4  7 20  2 23 24  5 14  7  4  7 16  6 24 14 19 10
 20 22 19 12]",GA,50,1.0,50,1.0
100,4,35376.0,0.20750462199998765,"[17 19  7 18  2 21 21 17 14 15  7 23  1 19  9  0 14 23  8 21 12  2 12 17
  3 12 13 20 24 18 24 21 20  6 18 22 23 18  9 21 10 20 23 21 10  6 15  6
 12 12 23 14  8 10 21  4 18  6 15 17 22 10 24 12  1 10 17 14 12 24 14 15
 21  4  4 10  8 21  3 18 11 20  2 23 10 23 14  6  4  7 20  6 22 14 22 10
 20 17 19 12]",GA,50,1.0,50,1.0
101,8,36582.0,0.3826598330000479,"[17 19  7 18  2 12 21 17 14 15  7 23  1 19  9  0 14 23  0 21 12  2 12 22
  3  7 13 20 24 18 24 10 20  4 18 22 23 18 18 21 22  3 20 21  1  8 15  6
  7 12 23 14 20 10 23  4  3  6  2 21 22 18 24 12 14 20 20 14 12 24 14 15
 21 18 15 10  8 21  3  4 23 20 23 23 10 23 14 19  4  7 16  6 22 14  6 21
 20 17 14 12]",GA,50,1.0,50,1.0
102,16,38505.0,0.7602827380000008,"[17 19  7 18  2 21 21 17 24 15  7 23  1  1 19  0 14 23  8 23 12  2 13 17
  3 20 13 20 11 18 24 14 20 10 18 22 23 18 18 19 16  2 22 21 10  8 22 20
  7 12 24 15  2  8 23  1  6 12 16 10 22 10 24 23 14 20 23 20 22 24 21 15
  1 17 15 10  8 21  3  2 23 17 23 23 10  9 14  6 22  7 20  1 22 17 22 18
 20 14 19  0]",GA,50,1.0,50,1.0
103,32,41231.0,1.529727911000009,"[18 19  7 18 23 21 14 17 14 15  7 23  1  1 17  0 14 23  8 23 12  2 20 17
  3 20 15 11 24 18 24 14  4 10 18 22 23 18  9  7 22 20 22 21  1 20 22 20
 20 12 24 14 17  8  7  1  6 16 16 17  3 10 24 23 14 20 23 24 12 24 18 15
 21 17  4 18 16 21  3 15 23 20  2 23  7 23 22 23 22 23 20  1 22 17 19 21
 20 17 19 19]",GA,50,1.0,50,1.0
104,64,44091.0,3.0592810020000343,"[18 19 15 18 23 23  0 17 14 15  1 23  1  1 17  0 14 23  8 23 12  2 20 17
 19 20 15 20 24 18 24 14 20 10 18 22 23 18 18 19 22 20 20 21  1 20 22 20
  7 12 24 23 17 10  7  1  8 16 24  6  3 10 24 22 14 20 23 24 22 24 23 15
 21 17  4 10 16 21  3  2 23 20  2 23 10 23 22 23 22 23 20  1 22 17 19 21
 20 17 19 19]",GA,50,1.0,50,1.0
105,128,44182.0,6.070413098000017,"[18 19 15 18 23 23  0 17 14 15  1 23  1  1 17  0 14 23  8 23 12  2 20 17
 19 20 15 20 24 18 24 14 20 10 18 22 23 18 18 21 22 20 20 21  1 20 22 20
  7 12 24 23 17  8  7  1  8 16 24  6  3 10 24 22 14 20 23 24 22 24 23 15
 21 17  4 10 16 21  3  2 23 20  2 23 10 23 22 23 22 23 20  1 22 17 22 21
 20 17 19 19]",GA,50,1.0,50,1.0
106,256,44182.0,11.843894036000052,"[18 19 15 18 23 23  0 17 14 15  1 23  1  1 17  0 14 23  8 23 12  2 20 17
 19 20 15 20 24 18 24 14 20 10 18 22 23 18 18 21 22 20 20 21  1 20 22 20
  7 12 24 23 17  8  7  1  8 16 24  6  3 10 24 22 14 20 23 24 22 24 23 15
 21 17  4 10 16 21  3  2 23 20  2 23 10 23 22 23 22 23 20  1 22 17 22 21
 20 17 19 19]",GA,50,1.0,50,1.0
107,512,44182.0,23.603781656000024,"[18 19 15 18 23 23  0 17 14 15  1 23  1  1 17  0 14 23  8 23 12  2 20 17
 19 20 15 20 24 18 24 14 20 10 18 22 23 18 18 21 22 20 20 21  1 20 22 20
  7 12 24 23 17  8  7  1  8 16 24  6  3 10 24 22 14 20 23 24 22 24 23 15
 21 17  4 10 16 21  3  2 23 20  2 23 10 23 22 23 22 23 20  1 22 17 22 21
 20 17 19 19]",GA,50,1.0,50,1.0
108,1024,44182.0,47.277847774000065,"[18 19 15 18 23 23  0 17 14 15  1 23  1  1 17  0 14 23  8 23 12  2 20 17
 19 20 15 20 24 18 24 14 20 10 18 22 23 18 18 21 22 20 20 21  1 20 22 20
  7 12 24 23 17  8  7  1  8 16 24  6  3 10 24 22 14 20 23 24 22 24 23 15
 21 17  4 10 16 21  3  2 23 20  2 23 10 23 22 23 22 23 20  1 22 17 22 21
 20 17 19 19]",GA,50,1.0,50,1.0
109,2048,44182.0,49.32719986900008,"[18 19 15 18 23 23  0 17 14 15  1 23  1  1 17  0 14 23  8 23 12  2 20 17
 19 20 15 20 24 18 24 14 20 10 18 22 23 18 18 21 22 20 20 21  1 20 22 20
  7 12 24 23 17  8  7  1  8 16 24  6  3 10 24 22 14 20 23 24 22 24 23 15
 21 17  4 10 16 21  3  2 23 20  2 23 10 23 22 23 22 23 20  1 22 17 22 21
 20 17 19 19]",GA,50,1.0,50,1.0
110,2,35214.0,0.25922292699999616,"[17 18 23 24 22 11  6 19 10 16 23  8  2  7 15 16 14 19  8 24 17 24 17 22
 24  1 22  5  2 18 23 19 20 14 22 16 12  7 17 21  9  6 12 10 21 23 13 10
  8  3 18  3 17 19  1  8 20 18  6 24  0  5 17  8 20 19 19  9 18 16 10 24
 15  5  9  3 12 11 19 14 10 21  7 12 22 17 23 14 18  7 21  7  9 19  2 17
  3 18 23 19]",GA,100,0.2,100,0.2
111,4,35214.0,0.46908229299992854,"[17 18 23 24 22 11  6 19 10 16 23  8  2  7 15 16 14 19  8 24 17 24 17 22
 24  1 22  5  2 18 23 19 20 14 22 16 12  7 17 21  9  6 12 10 21 23 13 10
  8  3 18  3 17 19  1  8 20 18  6 24  0  5 17  8 20 19 19  9 18 16 10 24
 15  5  9  3 12 11 19 14 10 21  7 12 22 17 23 14 18  7 21  7  9 19  2 17
  3 18 23 19]",GA,100,0.2,100,0.2
112,8,37521.0,0.8914123159999008,"[23 18 21 21  5 15  6  3 15  9 18 19 24  7 11 16 19 18 16 19  4  4  3 19
 16 14 22  4  2 21  4 13 20 20 12 22 16 14 24  9 10 23 21 20  5 13  5 15
  8  6  1 17  9  1 14  8 14 18 18  4  4  1 23 20 21 24 19 15 10 21 13 19
  9  2  9 20  1 16 17 12 20 24 23 14  4 22 24 16 18 12 21 10 24 20 24 21
 11  4  6 24]",GA,100,0.2,100,0.2
113,16,39628.0,1.7399727699998948,"[23 23 19  3 22 10  7 18 18  9 18 19  3 11 21 15 14  7 15 19  4 15  2 24
  7 14 15  6 17  6 18 19 20 14  4 20 21 23 17 15 21 18 22 14 21 14 22 12
  8  2 21 23 19 10  9  8  1 24 24 20 11 21 17 20 20 23 12 21 16 23 10 24
 19 12 17  3  8 17 17  7 19 21  6 15 23 19 21 16 17 10 13 20 17 19 19 12
 23 15  7 11]",GA,100,0.2,100,0.2
114,32,42888.0,3.3551191649999055,"[23 23 19 24 21 10  6  8 10  3  2 23 13  7 15 22 14 18 23 19 15 12 18 23
 16 22 22 14 17  2 22 11 15 15  7 22 15 23 19 12 20 24 16 20 21 21 23  2
  7  1 18 23 19 19 18 11 20 24 24 24 10  1 20 15 22 19 23 22 16 23 19 15
 19 12  9 18  4 17 17 12 10 21 13 11 22 23 21 16 18 24 13  4 24 23 19 22
 11  4  7  6]",GA,100,0.2,100,0.2
115,64,46159.0,6.675529800999925,"[24 21 21 24 20 15  6 17 20  3  2 19 24  7 15 22  8 18 23 23 21 12 17 22
 23 14 22 18 17  2 18  8 15 21  4 22 21 18 19 12 21  9 22 21 21 17 24 15
  7  1 18 23 20 11  2 17  1 24 24  9  0  1 23 20 20 19 23 21 24 23 24 24
 19 23  9  3 13 14  6  4 10 21  7 15 24 23 21 23 20 22 21  4 24 23 22 22
 20  4  7 24]",GA,100,0.2,100,0.2
116,128,48472.0,13.226126170999919,"[24 21 19 24 23 15  6 17 10  3  2 22 24  7 14 24  8 24 23 23 22 12 24 19
 24 24 22 18 23  2 24  8 20 21  7 22 21 23 19 21 21 22 22 21 23 17 24  2
  1  1 18 23 20  2  2 17  1 24 24  1  0  1 24 23 23 19 23 23 24 23 24 24
 19 23 17  3 23 14  2  4 19 21  2 11 24 22 21 23 18 24 21  4 24 23 22 24
 19  4  7 24]",GA,100,0.2,100,0.2
117,256,49828.0,26.588215829999967,"[24 21 19 24 23 15  6 21 10  3  2 23 24  2 21 24  4 24 23 23 21 12 24 24
 24 24 24 18 22  2 24  2 20 21  2 22 23 23 19 21 21 21 22 24 10 17 24 16
  0  1 21 23 20  2  5 23  1 24 24  1  0  1 24 23 23 19 23 21 24 24 24 24
 21 23 20  3 23 22  2  0 22 21  2 20 24 22 23 23 24 24 21  2 24 23 22 24
 19  2  7 24]",GA,100,0.2,100,0.2
118,512,50623.0,53.240631952999934,"[24 21 20 24 23 23  1 24 10  3  2 24 24  2 22 24  1 24 23 23 23 19 24 24
 24 24 24 18 23  2 24  0 24 22  2 22 23 23 19 21 21 22 16 24  5 20 24  0
  0  1 21 23 20  2  2 23  1 24 24  0  0  1 24 23 24 19 23 23 24 24 24 24
 23 24 17  0 23 22  2  7 22 24  2 20 24 22 24 23 24 24 22  2 24 23 22 24
 19  2  4 24]",GA,100,0.2,100,0.2
119,1024,51487.0,106.25200905899999,"[24 24 22 24 24 24  1 24  2  2  1 24 23  2 24 24  1 24 23 24 24 23 24 24
 24 24 24 23 23  2 24  0 24 22  2 24 24 24 22 22 21 22 16 24  1 20 24  0
  0  0 24 24 20  1  0 24  1 24 24  0  0  1 24 23 24 22 24 23 24 24 24 24
 23 24 18  0 23 22  0  7 22 24  2 20 24 24 24 24 24 24 24  1 24 24 23 24
 23  1  4 24]",GA,100,0.2,100,0.2
120,2048,51593.0,215.23637069199992,"[24 22 24 24 24 24  0 24  2  2  1 24 24  1 24 24  1 24 23 24 24 23 24 24
 24 24 24 23 23  2 24  0 24 22  2 24 24 24 22 22 24 22 16 24  1 21 24  4
  0  0 24 24 19  1  0 24  1 24 24  0  0  1 24 23 24 24 24 23 24 24 24 24
 24 24 18  0 24 22  0  7 22 24  2 20 24 24 24 24 24 24 24  0 24 24 23 24
 24  1  4 24]",GA,100,0.2,100,0.2
121,2,35621.0,0.2777271909999399,"[21 20 17 14  7 17 24  9  9 20 18 18 13  8 14 23  9 21 19  5 11 19 20 14
 16 19 13  4 22 10 21 23 21 16  2 20  7 21  8  1  5 14  0  2 20  4 23 17
 16 16 10 24 10 20 22  3  8  8  0  4  6 17 19 18 18 21 22 12 16 17 13  8
  0 14 23  8 20 16  2  3 21  8  8  8 22 15 22 18 23  4 18 16 21 11 10 13
 22 16  6 17]",GA,100,0.4,100,0.4
122,4,36296.0,0.516230983000014,"[14  4 21  6 10 17  1  3  8  3  8 22 20  3  5 23  7  6 24  6 21 10 22 15
  0  5  6 13  5  5  7 16  0 21 24 19  7 22  2 15  5 24 10 20 22 15 21  3
 24 10 20 24 10  8 22 13 24  2 19 17 11 23 21 18 20 12 13  2 19 13  3  4
 18 21 16 21 11 10 19 15 17 23 21 21 12 22 17 23 22 22 23 14 11 22 12 24
 11  6  4 24]",GA,100,0.4,100,0.4
123,8,38014.0,0.9480268069999056,"[ 8 19 17 14  4 13  7 22 16 23 11 16 12  1 20 17 21 15 15 22 22 20 14 13
 21  8 18 21 22 21 24  3  4  4 19 22  9 15  0 20 20 18 24 19  7 17 18 21
 23 19 16 24  1 11 22 21  8 10 23 18  5 17 11 24  6 14  7 11 20 20 15 21
  8 22 14 14  2 13  3 12 20 18 15 19 22 16 15  4 18 24 17 11 22  7 18 20
 14 16 18 15]",GA,100,0.4,100,0.4
124,16,41125.0,1.796381730999883,"[16  2  7  2 10  8  1 17 14 23 18 16 18  3 22 17 23 15 13 17 22 21 23 24
 22 21 22 13 21 11  7 14 17  8 23 22 24 21 23  7 13  5 24 24 14  4 18 21
  3  1 15 24 16 11 22 24 12 10 19  7  5  2 16 15 18 22 22 22 16 17 15 21
 15 20 24  3 13  1 19 16  3 23 16 17 22 22 22 12 16 24 18  3 18 22 18 18
  3 18 18 12]",GA,100,0.4,100,0.4
125,32,44446.0,3.5198905919999106,"[21  2 14 18 24 21 12  2 16 24 18 22 22  3 22 17 23 20 21 17 22 12 22 14
 22 21 22  5 23  7 23  3 22 16 23 22 24 21 23 20  5 23 10 24 15  3 24  4
  3  1 15 24 11 11  6 24  8  8 14 19  5  2 15 24 18  1 22 22 19 19 21 21
 15 22 24  6 16  1 13 16 17 23 18 17 22 24 15 22 24 16 21  0 21 22 23 23
  3  4  4 12]",GA,100,0.4,100,0.4
126,64,46671.0,6.990863775999969,"[21 23 12 10 24 21  7 22 14 20 16 22 22  3 22 17  2 20 24 22 22 21 22 22
 24 23 24 13 23 11 23  0 22 16  0 22 24 21 23 13  5 23 24 24 14  3 24 21
  3  0 19 24 11  4  6 24  8 14 23  4  4  2 15 24 18  4 22 22 17 19 21 21
 19 22 24  3 16 18  2 13 17 23  8 19 22 22 15 22 24 22 21  0 21 22 18 23
 24  4  4 17]",GA,100,0.4,100,0.4
127,128,48425.0,13.668398723999871,"[21 19 22 23 24 22  1 22 14 20 11 22 22  3 22 17  2 20 24 22 22 21 22 22
 24 23 24 13 22  4 23  0 22 16  0 22 24 22 23 13  5 24 24 24 14  4 24  4
  3  0 19 24  6  4  6 21  8 24 23  4  5  2 19 24 18  4 23 22 19 24 21 24
 19 22 24  3 16 18  2 13 24 23  8 19 22 23 24 22 24 24 21  0 24 22 23 23
 24  4  4 17]",GA,100,0.4,100,0.4
128,256,50220.0,26.5209066299999,"[24 23 22 23 24 22  1 22  1 12  0 22 22  3 22 21  2 20 24 24 22 20 24 22
 24 23 24 19 22  4 23  0 24 16  0 22 24 22 23 20 12 24 24 24  0 20 24  7
  3  0 24 24 19  4  1 24  8 24 23  7  4  1 23 24 24  4 24 22 24 24 21 24
 24 22 24  3 21 18  2  1 24 23  8 19 22 22 24 23 24 24 23  0 24 24 24 24
 24  4  4 17]",GA,100,0.4,100,0.4
129,512,50823.0,52.26478120699994,"[24 23 22 23 24 22  0 23  1 12  0 24 23  3 22 24  2 24 24 24 22 21 24 22
 24 24 24 24 22  4 23  0 24 16  0 22 24 24 23 20 21 24 24 24  0 10 24  4
  0  0 24 24 19  3  0 24  2 24 23  4  1  1 23 24 24  4 24 24 24 24 21 24
 24 22 24  3 21 18  2  1 24 24  8 19 22 22 24 24 24 24 23  0 24 24 24 24
 24  4  4 21]",GA,100,0.4,100,0.4
130,1024,51306.0,106.17452315699984,"[24 24 22 22 24 22  0 23  1 12  0 24 24  2 23 24  0 24 24 24 23 22 24 23
 24 24 24 24 22  1 24  0 24 16  0 24 24 24 24 20 24 24 21 24  0 24 24  2
  0  0 24 24 19  3  0 24  2 24 23  4  1  0 24 24 24 14 24 24 24 24 21 24
 24 24 24  1 21 18  2  1 24 24  8 19 24 22 24 24 24 24 23  0 24 24 24 24
 24  1  2 21]",GA,100,0.4,100,0.4
131,2048,51433.0,199.26223843399998,"[24 24 24 22 24 22  0 23  0 11  0 24 24  2 24 24  0 24 24 24 23 22 24 24
 24 24 24 24 22  1 24  0 24 16  0 24 24 24 24 20 24 24 21 24  0 24 24  2
  0  0 24 24 19  3  0 24  2 24 23  2  1  0 24 24 24 24 24 24 24 24 21 24
 24 24 24  1 21 19  2  1 24 24  4 20 24 22 24 24 24 24 24  0 24 24 24 24
 24  1  1 21]",GA,100,0.4,100,0.4
132,2,34638.0,0.17963093599996682,"[24 23 16 19 20 16 21 20 22  7 12  5 11 13  8 23  7 13 17  4  1  8 10 18
  9 16  3 24 14 18  6 20 15 17  4 22 15  9  9  2  1 12 20 15 11  1 20 21
  6 11  9 24  8 16 11 18 14 24 24  7 14 13 19 24 15  9  3 24 12 19 16 23
 12  6  8  7 14 15 12 23  7 13 11  9 19  7 11 23 22 23 19 22 15 16  5 22
  1  3  5 16]",GA,100,0.6,100,0.6
133,4,34992.0,0.32482341499985523,"[12 13 21 18 22 19 16  2  8 10  7 18  9  2 23 18  8 23  9 14 17  8 24  3
 21 15 19  5 24 13 12 15 20 19 22  1 23  8 18 15  8 11 19 24 13 13  2 13
 20 20 19 16 18 11  7 18 23  4 12 12 22 16  7 14 19  2  5 21 14 23 16 21
  7 11 14 12  0 24  0 19 24  9 20 16 18 12 10  7  5 20 19  6 22 11 10 15
 21  5 16  1]",GA,100,0.6,100,0.6
134,8,37441.0,0.6186234029999014,"[11 13 21 22 14 15 14 13 20  7  5 17 21  3 22 12 12 23 17 12  5 14 13 23
 21 16 19 20  2 13  5  5 10 17 22  8 14  8 18  2  1 22 24 19 13  7 24 24
 20  1 17 23 18 14 23 18 17  5 12  7 22 20 19 24 12  2 18 21 23 22 18 12
  7 11 21 14 22  2  0 19 17 10 20 10 19 19 10  7 23 20 19 17 23 14 21 15
 21  5 16 16]",GA,100,0.6,100,0.6
135,16,39254.0,1.1721252499999082,"[19 18  9 20 14 13  4 20 20 10  5 18  9 12 22 12  2 23  7 12  6 23 19 14
 21 15 22  2 22 18  5  7 20 17 15 23 23  8 18  2  8 22 20 17 15  1 24 18
 18 14 17  8  8 10 13 18 15 13 11  2 22 13 16 12 15  9 19 21 23 19 16 12
 24 11 21 13  8 24  0  0 24 13 16  3 19 19 23 23 23 20 24 17 23 24 14 19
 18  5 23 16]",GA,100,0.6,100,0.6
136,32,42200.0,2.3101919549999366,"[24 12 16 20 14 13 12 20 22  7 11  9  9  3 22  1  8 23 17 15 12 23 19 23
 15 16 22 22 22 18 22 16 22 13  5 22 15 17 24  8 20 11 19 20 11 13 24 18
 18 16  9 21  8  1  6 18 15 24 24 12 11 17 19 24 19  9 19 21 23 23 18 23
 19 22  2 22 19 13  0 24 24 10 20  7 16 13 17 23 21 23 19 10 23 24 14 19
 21  7  7 16]",GA,100,0.6,100,0.6
137,64,45811.0,4.609785853999938,"[20 18 21 20 18  5  4 20  8  7  5 23  9 12 23 23  8 23 22 15 23 23 19 23
 21 16 22 22 22 13 22 16 22 24  5 23 23 23 18 16  8 20 13 20 14 13 15  1
  9  1 23 23 23 10  6 23 14  5 24 12 11 17 19 19 19 18 19 20 23 23 24 23
 24 22 21  8 19 24  0  0  7 23 16  7 21 13 21 23 23 23 19 10 23 24 22 19
 21  5  5  1]",GA,100,0.6,100,0.6
138,128,47861.0,9.487149658999897,"[24 18 17 20 20  5  4 20  5  7  1 24 20  3 23 23  2 23 17 14 23 23 23 23
 24 16 22 22 22 13 22  5 23 24  5 23 23 23 18 22 20 20 13 20 14 13 24  1
  6  1 23 23 11  1  6 23 14 17 24 12 11 17 19 24 19 18 19 21 23 23 24 23
 24 22 21  0 24 24  0  0 24 23 16  7 21 13 24 23 23 23 19 10 24 24 22 24
 21  5  1 16]",GA,100,0.6,100,0.6
139,256,49379.0,18.25435045999984,"[24 18 21 22 20 18  1 20  5  7  1 24 20  3 23 24  2 23 24 21 23 23 24 23
 24 19 23 24 24 13 22  5 23 24  5 23 23 23 18 22 24 20 13 20  2 24 24  0
  6  0 23 23 20  1  5 23  2 23 24 12 11  0 24 24 19 18 19 21 23 23 24 24
 24 22 21  0 24 24  0  0 24 23  6 20 21 13 24 24 23 23 19  6 24 24 22 24
 21  0  1 16]",GA,100,0.6,100,0.6
140,512,50704.0,38.29770993299985,"[24 18 24 24 20 18  0 24  5  7  1 24 20  3 24 24  2 23 24 24 24 23 24 23
 24 24 24 24 24 13 23  5 24 24  2 24 23 24 18 24 24 20 13 24  2 24 24  0
  3  0 24 23 20  1  5 23  2 23 24 12  1  0 24 24 24 18 19 24 23 23 24 24
 24 24 23  0 24 24  0  0 24 24 11 20 21 13 24 24 23 24 19  0 24 24 22 24
 24  0  1 16]",GA,100,0.6,100,0.6
141,1024,51044.0,96.154514329,"[24 23 24 24 22 18  0 24  5  7  1 24 24  3 24 24  2 23 24 24 24 23 24 23
 24 24 24 24 24  3 23  6 24 24  2 24 23 24 18 24 24 20 13 24  2 24 24  0
  0  0 24 23 20  1  1 23  2 23 24 12  1  1 24 24 24 20 19 24 23 23 24 24
 24 24 23  0 24 24  0  0 24 24 11 20 21 14 24 24 23 24 24  0 24 24 24 24
 24  0  1 16]",GA,100,0.6,100,0.6
142,2048,51332.0,227.42112132900002,"[24 23 24 24 22 18  0 24  2  7  0 24 24  3 24 24  2 24 24 24 24 24 24 23
 24 24 24 24 24  2 24  6 24 24  1 24 24 24 18 24 24 20 13 24  2 24 24  0
  0  0 24 24 20  1  1 24  2 23 24 12  1  1 24 24 24 20 19 24 24 24 24 24
 24 24 23  1 24 24  0  0 24 24 11 20 24 15 24 24 24 24 24  0 24 24 24 24
 24  0  1 16]",GA,100,0.6,100,0.6
143,2,34974.0,0.2985628330000054,"[ 5 15  3  6 17  7 21 22 22  8 11  2  0 21 22  5 11  9 16 17 17  2 20 19
 24  0 24 10 19 18 16 16 21 24  2 14 22 16 18  3 24 13 13 14 19  7 17  4
  0  6 20 11 16  6 23 17 22 13 15 18 10 13 22 13 20 18 20  6 20 23  8  4
 24 24 13 15  6  5  8 23 14 23 19 16 22 10  5  3 16 10 11 21  4 22 14 13
 16 16 22 12]",GA,100,0.8,100,0.8
144,4,35537.0,0.5374111549999725,"[ 5 15 20 11 17  7 21 22 22 12 11  2  9 21 22  5 11 18 16 17  6 23 20 19
 24  0 24 10 19  4  5 21 21 24  2 14 22 16 23  3 24 13 13 14  7 10 17  4
 19  6 20 11 23  6 23 17 14 13 15 18 10 13 22 13 20 20 20  6 20 23 11  4
 24 24 13  9  6  5  8 23 14 23 19 16  7 10  5  3 16 10 11 21  4 22 14 13
 16  6 22 24]",GA,100,0.8,100,0.8
145,8,37120.0,1.014094980999971,"[ 3 12  2  9  6 20  8 20  3 16 21 22 19  4  5 21 12 20 18 24 15  8 21 23
 17  6 23  1 21 14 11 15 23 12  2  3 20 23 24 20 23 22 19 21 20  8 19  3
 17 19 17 23 20 14  4 11  7 23  3  9  2  9 22 23 22  3  1  7  6  9 11 24
 19 24 16  0 19 13  8  9  3 13 11 11 24 24 17  7 13 23  7 21 19 18  9  7
  8 24  9  7]",GA,100,0.8,100,0.8
146,16,40755.0,1.881161696999925,"[10 24 20 22 11 15 21 21  3  3 11 22 11 16 22 13 11 18 16 14 22  3 21 12
 24 24 23  0 24 12 16  4 23 19  2 23 23 16  3 23 19 16 13 24  9 11 24  3
  8  6 20 23 20 12  8 22 12 13 18  5 10 14 13 23 24  2  7  8 13 23 24 22
 19 16 15  7 19 22  4  9 17 23 19  8 11 24 20  7 24  0 24  1 23 24 14  7
  5  6  8 10]",GA,100,0.8,100,0.8
147,32,44019.0,3.7793970440000066,"[13 24  2  6 20 17  4 23 22  6  1 12 14  4 20 12  9 20 18 24 22  3 21 18
 15 20 23 24 18 11 16 16 23 23  2 23 21 23 24 18 23 16 13 24  6  8 21  3
  7  6 24 23 20 23  2 11 22 23 24 24 15  5 13 24 19 21  9 24  6 23 20 18
 19 24  9 24 19 13  5 24 24 19  4  6 16 24 21 22 22 14 24  2 23 24 17 16
  5  6 12 24]",GA,100,0.8,100,0.8
148,64,46841.0,7.2970014959998935,"[18 22 24 24 20 22  4 20  3  3  1 22 23  4 22 21  9 24 18 20 22 15 22 18
 24 24 23 24 24 11 16 16 23 23  2 23 23 23 22 18 19 16 13 21 20 11 21  3
  8  6 24 23 20 14  2  6  9 21 24 16 10  5 18 23 22  2 20 23 20 23 20 22
 19 24  9  3 19 13  5  9 24 19  4  8 24 24 21 22 22 23 24  2 23 24 17 16
  5  4 12 24]",GA,100,0.8,100,0.8
149,128,48496.0,14.872067716999936,"[18 24 24 24 20 22  0 23  3  3  1 22 23  4 24 21  7 24 20 24 22 24 22 23
 24 24 23 24 24 11 22 12 23 23  2 24 23 23 17 18 19 16 13 24 19 11 21  3
  7  6 24 23 20 11  2 22  9 21 24 16 10  5 18 24 22  2 20 24 20 23 20 24
 21 24  9  0 19 13  3  9 24 24  4  8 24 24 21 22 22 23 24  2 23 24 23 22
 13  4  2 24]",GA,100,0.8,100,0.8
150,256,48862.0,30.321601530999942,"[18 24 24 24 20 22  0 23  3  3  1 22 24  4 24 21  7 24 20 24 24 24 23 23
 24 24 23 24 24 11 22 12 23 23  2 24 23 23 17 18 19 16 13 24 13 11 21  3
  7  6 24 23 20 11  2 22  9 21 24 16 10  5 21 24 22  2 20 24 23 23 20 24
 21 24  9  0 19 13  3  5 24 24  4  8 24 24 21 22 22 23 24  2 23 24 23 24
 13  4  2 24]",GA,100,0.8,100,0.8
151,512,49631.0,57.01445349099981,"[20 24 24 24 22 22  0 23  3  3  1 22 24  6 24 21  7 24 20 24 24 24 23 23
 24 24 24 24 24 11 24 12 23 23  2 24 23 24 19 18 24 16 13 24 13 11 21  3
  0  6 24 24 20 10  2 24  9 21 24 16  2  5 22 24 22 12 20 24 24 24 20 24
 23 24  9  0 19 13  1  5 24 24  4  8 24 24 21 23 24 23 24  2 23 24 23 24
 13  4  2 24]",GA,100,0.8,100,0.8
152,1024,50061.0,108.97524277299999,"[24 24 24 24 22 22  0 23  3  3  1 22 24  2 24 21  7 24 20 24 24 24 23 23
 24 24 24 24 24 11 24 10 23 23  2 24 24 24 14 18 24 16 13 24 16 11 22  3
  0  6 24 24 20 10  2 24  9 21 24 19  2  2 22 24 24 15 20 24 24 24 20 24
 24 24  9  0 24 13  1  5 24 24  4 11 24 24 21 23 24 23 24  0 24 24 23 24
 11  4  1 24]",GA,100,0.8,100,0.8
153,2048,50482.0,214.25750798499985,"[24 24 24 24 22 22  0 24  3  3  1 22 24  0 24 23  0 24 24 24 24 24 23 23
 24 24 24 21 24 11 24 10 23 23  2 24 24 24 14 20 24 16 13 24 16 24 22  3
  0  6 24 24 20  5  2 24  4 21 24 19  2  2 22 24 24 15 20 24 24 24 24 24
 24 24  9  0 24 13  1  5 24 24 10 11 24 24 21 24 24 23 24  0 24 24 24 24
 11  4  1 24]",GA,100,0.8,100,0.8
154,2,35340.0,0.25383341399992787,"[20 24 22  2 22  9  7  1 20 22  5 13  2 18 10 23  4  8 20 14 23 15  7  1
  3 19 11  9 12 14 17 11 22 18  8 19 18 19  5 24 24 10 13 15  2 12  7 22
 10 23 18 20 24 21 18 13 22 23 20 17  7 23 24  0 21 10  9 16 22 21  0 19
 13 15 24 13 20  7  8 24 20 13 13 17  0 16 23  1 13 11 21  3 20 14 17  4
  9  7  2  3]",GA,100,1.0,100,1.0
155,4,35340.0,0.48143281500006196,"[20 24 22  2 22  9  7  1 20 22  5 13  2 18 10 23  4  8 20 14 23 15  7  1
  3 19 11  9 12 14 17 11 22 18  8 19 18 19  5 24 24 10 13 15  2 12  7 22
 10 23 18 20 24 21 18 13 22 23 20 17  7 23 24  0 21 10  9 16 22 21  0 19
 13 15 24 13 20  7  8 24 20 13 13 17  0 16 23  1 13 11 21  3 20 14 17  4
  9  7  2  3]",GA,100,1.0,100,1.0
156,8,37704.0,0.8608682320000298,"[22  5  4  2 22 12  1 19  8 18  7 24  0  0  4  5 11 18 17  3 24 17  7 23
 22 19 23  9 12 10  8 13 13 22 13 13 18 20  5 24 24 14 20 19  2  2  7 22
 10 23 21 20  9 21  2  4 10 21 23 16  4 23 23 17 24 24 23 14 22 21 24 16
 13 15 20  4  6 23 10  3 19  8 13 10 19 12 10 15 16 11 21 15 20 14 11  6
 16  7 23  5]",GA,100,1.0,100,1.0
157,16,41436.0,1.6352405220000037,"[20 24 15 16  0  8  5 18 20 22  5 23 23 22  7  5  4 18 24 14 24  4 22  9
  8 23 24 13  9 23 23 20 20 22  5 19 18 20 14 16 24 24 15 19 22  4 23 15
  3 23 20 23 24 12  3 13  5 19 20 16  7  1 24 17 21 13 23 16 24 23 24 10
 23 19  9  2 21 16  8  7 10  8 16 16 13 16 23 20 17 21 22  0 20 14  0 23
  9  9  2 11]",GA,100,1.0,100,1.0
158,32,44000.0,3.1917696939999587,"[20  5 22  2 10  8  5 18 20 10  0 23 18  0 24 22 15 23 12 20 22 15 22  4
 22 23 24 16 19  1 10 13 22 20 24 23 18 19 14 21 24 19 15 24  2 20 24 16
  3 19 21 23 14 22  3 20  5 19 20 16  4 13 22 17 21 24  5 16 17 23 23 24
 13 22  9  2 24 23  4  5 19 23  5 10 19 16 22 24 17 11 22  4 22 14 17 23
 15  9  2 20]",GA,100,1.0,100,1.0
159,64,47266.0,6.336138419000008,"[20 24 15 16 23  5  3 18  8 22  5 24 23  0 24 23  4 23 20 20 24 16 22 10
 24 24 24 13 21  1 10 13 22 22 12 23 18 20 22 21 24 23 15 24  2 20 24 22
  3  2 21 23 24  1  3 20  4 19 23 16  4  1 24 17 21 24 23 21 24 23 24 24
 23 22  9  1 24 16  4  3 19 21 13 16 19 16 22 24 22 21 21  3 22 21 17 23
 15  9  2 20]",GA,100,1.0,100,1.0
160,128,48097.0,13.61214209800005,"[23 24 22 16 23  5  3 18  8 15  0 24 23  0 24 23  4 23 20 20 24 16 22 17
 24 24 24 13 21  1 16 13 22 22 12 23 18 20 22 21 24 23 15 24  2 20 24 22
  3  2 21 23 24  1  3 23  4 20 23 24  4  1 24 17 21 24 23 21 24 23 24 24
 23 22  9  1 24 23  4  7 19 23 13 16 19 16 22 24 23 21 24  0 22 21 17 23
 15  6  2 20]",GA,100,1.0,100,1.0
161,256,48097.0,26.215955526000016,"[23 24 22 16 23  5  3 18  8 15  0 24 23  0 24 23  4 23 20 20 24 16 22 17
 24 24 24 13 21  1 16 13 22 22 12 23 18 20 22 21 24 23 15 24  2 20 24 22
  3  2 21 23 24  1  3 23  4 20 23 24  4  1 24 17 21 24 23 21 24 23 24 24
 23 22  9  1 24 23  4  7 19 23 13 16 19 16 22 24 23 21 24  0 22 21 17 23
 15  6  2 20]",GA,100,1.0,100,1.0
162,512,48097.0,51.44734587599987,"[23 24 22 16 23  5  3 18  8 15  0 24 23  0 24 23  4 23 20 20 24 16 22 17
 24 24 24 13 21  1 16 13 22 22 12 23 18 20 22 21 24 23 15 24  2 20 24 22
  3  2 21 23 24  1  3 23  4 20 23 24  4  1 24 17 21 24 23 21 24 23 24 24
 23 22  9  1 24 23  4  7 19 23 13 16 19 16 22 24 23 21 24  0 22 21 17 23
 15  6  2 20]",GA,100,1.0,100,1.0
163,1024,48097.0,101.44676915800005,"[23 24 22 16 23  5  3 18  8 15  0 24 23  0 24 23  4 23 20 20 24 16 22 17
 24 24 24 13 21  1 16 13 22 22 12 23 18 20 22 21 24 23 15 24  2 20 24 22
  3  2 21 23 24  1  3 23  4 20 23 24  4  1 24 17 21 24 23 21 24 23 24 24
 23 22  9  1 24 23  4  7 19 23 13 16 19 16 22 24 23 21 24  0 22 21 17 23
 15  6  2 20]",GA,100,1.0,100,1.0
164,2048,48097.0,110.4719945889999,"[23 24 22 16 23  5  3 18  8 15  0 24 23  0 24 23  4 23 20 20 24 16 22 17
 24 24 24 13 21  1 16 13 22 22 12 23 18 20 22 21 24 23 15 24  2 20 24 22
  3  2 21 23 24  1  3 23  4 20 23 24  4  1 24 17 21 24 23 21 24 23 24 24
 23 22  9  1 24 23  4  7 19 23 13 16 19 16 22 24 23 21 24  0 22 21 17 23
 15  6  2 20]",GA,100,1.0,100,1.0
165,2,35322.0,0.6855706469998495,"[24 24 21  4 18  9 21 19 19  5 21 18 14 19 24 20 13  4 17  6 23 21  1 22
 19 24 11 15 18 24  2 15 17  5 22 16 22 11 23 13 20  2 19 22 21 15 18  3
  5  1  6 19 19 12 10 16 22 23 24  4 15 19 24  4 19  2 10 13 23 17  3  2
 11 21 12 12 12 23 14 13 16 14  7 21 21 15  4 19  4 20  7 22 14 20  3  9
 24  9 24  0]",GA,200,0.2,200,0.2
166,4,36355.0,1.0986748359998728,"[23 16  6 23 23  5 14 21  0 16 23 23  0  9  4 20 13  0  7  8  9 14  3  1
 20 24 23  5 14 15 22  6 18 16 19 23 17 21 16 12 17 23 13 20 15  3 18 14
 14 13 17 22 10 17 22 19 19  4 22 24  0  2 20 23 12 16 22  3  6 15 22 14
 16  6 17 22 18 16 13  8 16 23  7 22 13 10 19 11 14  1 17 22 21  4  6 11
 19 21  9 17]",GA,200,0.2,200,0.2
167,8,38782.0,2.1006330759998946,"[23 19  7  2 16  7  5 19  5 11 14 13  8 17 20 22  0 13 12 24 15  3 20 24
 19  8 18 10 24 11  9 20 24 15 23 23 12 20 24 17  6 24 22 22 13 15 18 15
 22  9 18 17 13 24  6  3  7  9 19 22 16 23 10 22 16 16 10  7 23 20 11 23
  7 20 12 16 20 13 13  0 20 20 21 21 18  5 17  3 15 17 17 21 23  0 18 12
  7 19  0 14]",GA,200,0.2,200,0.2
168,16,40137.0,3.9996054939999794,"[23 16 21 16 20 14  5 18  5 14 14 13 18 22 24 19 15 24 18 16 22 24 16 24
 19  5 13 16 24 15  1  0 22 10 23 16 12 20 24 24 23 12  7 22 10 15 18 14
  5  8 18 17 13 24 23  3  7 17  6 22  0 22 23 14 19  1  9  7 22 23 16 13
 13  4 12 10 20 20 13  0 16 24 21 23  9 22 24 23 14 20 19  2 24 23  6 12
 19 23  0  1]",GA,200,0.2,200,0.2
169,32,43933.0,7.501090124000029,"[22 22 13 23  7 22  4 16  8 15 14 23 18 22 24  1  0 24 21 24 22 17 20 22
 24 24 16  1 24  7 24 20 24 15  0 22 21 17 10 23 10 23 14 24 13 14 18  6
  5  1 18 22 20 14 12 19  3  9 24 11  5  9 23 23 23  8 10 24 23 22 19 23
 18 21 12 10 20 19 13 19 23 23 14 22  9  0 14 21 14 12 16  7 23 21 20 22
  6 21  4 21]",GA,200,0.2,200,0.2
170,64,47441.0,16.082386682999868,"[23 23 21 24 24 22  8 22  5 22 14 21  8 23 20 23  2 24 22 24 22 24 20 24
 24 17 23 13 22  8 22  9 24 15  6 17 21 21  8 21 10 24 24 22 15 14 23  6
  5  1 20 22  7  4  8 19  7 17 24 12  0  1 24 23 24  1 21 21 23 19 22 19
 22 24 13 10 20 20  4 19 21 23  2  6 24 21 23 23 24 23 19  4 24 23 24 22
 19  0 12 11]",GA,200,0.2,200,0.2
171,128,49370.0,32.775374736,"[23 19 21 23 24 24  1 22  5 15  3 22 18  3 24 23  0 24 22 24 24 17 23 24
 24 24 23 13 23  8 22  2 24 15  0 22 19 24 23 21 16 24 13 24 15 13 23  6
  0  1 20 22 20  4  1 19  1 21 24 12  0 10 23 23 23 24 21 22 23 24 23 23
 22 24  4  0 19 20  8 19 21 23 12 22 24 22 24 23 24 23 17  0 24 23 24 22
 22  0  0 20]",GA,200,0.2,200,0.2
172,256,50515.0,61.250754160999804,"[23 22 21 23 24 22  1 21  2  2  3 24 23  3 24 23  2 24 24 24 24 24 23 24
 24 24 24 23 21  6 22  2 24 21  0 22 22 24 23 21 16 24 13 24 15 16 23  6
  0  1 23 22 20  4  1 24  1 21 24 12  0  1 23 23 24 24 24 22 23 24 23 23
 24 24 24  0 19 19  3  2 21 24  7 22 24 22 24 23 24 23 21  0 24 23 24 23
 22  0  0 20]",GA,200,0.2,200,0.2
173,512,51303.0,119.27120056099989,"[24 23 21 22 24 22  0 22  0  3  1 24 23  0 24 24  0 24 24 24 24 24 23 24
 24 24 24 23 24  2 22  2 24 23  0 22 22 24 23 24 18 24 13 24  4 18 24  6
  0  0 24 24 16  0  1 24  1 21 24 12  0  1 23 24 24 24 24 24 23 24 23 24
 24 24 24  0 23 24  0  1 24 24  7 24 24 22 24 23 24 24 21  0 24 23 24 23
 24  0  0 23]",GA,200,0.2,200,0.2
174,1024,51738.0,232.83983366400003,"[24 23 24 24 24 22  0 24  0  2  0 24 24  0 24 24  0 24 24 24 24 24 24 24
 24 24 24 23 24  1 24  2 24 23  0 24 24 24 23 24 21 24 13 24  0 18 24  2
  0  0 24 24 20  0  0 24  0 21 24 12  0  1 24 24 24 24 24 24 23 24 24 24
 24 24 24  0 24 21  0  1 24 24  7 22 24 22 24 24 24 24 21  0 24 24 24 24
 24  0  0 24]",GA,200,0.2,200,0.2
175,2048,51748.0,468.6321907690001,"[24 24 24 24 24 22  0 24  0  2  0 24 24  0 24 24  0 24 24 24 24 24 24 24
 24 24 24 23 24  1 24  2 24 23  0 24 24 24 23 24 21 24 13 24  0 19 24  2
  0  0 24 24 20  0  0 24  0 21 24 12  0  0 24 24 24 24 24 24 23 24 24 24
 24 24 24  0 24 21  0  1 24 24  7 22 24 22 24 24 24 24 21  0 24 24 24 24
 24  0  0 24]",GA,200,0.2,200,0.2
176,2,36075.0,0.5696332029997393,"[21 11  1 23  6 23 17  2 19 11 23 22 21  3 17 18 15 17 15 24 23 24 14  6
 24 13 12 18 11  4  9 22 17 19  2 19 24 12  9 14  1 13 22 20 15 24 18 24
  2  1 18 21  2  4 23  0 17 20 18 11 21 24 14  7 24 17  8 16 14 21 14 21
  4  9  3 15  0  3 24  0 17  6 22 15  9 10  2 17 11 20 21 23 17 15 11 23
 17 16  0 17]",GA,200,0.4,200,0.4
177,4,36491.0,0.9895227919996614,"[12 24 21  5 13 21 15 16  1  5 17  9 20  1 21 12  7 12 16 19  3  7 23 12
 18 10 24 14 15  8 13  2 24 24  0  7 19  7 19 15 20  1  6 22 23 21 18  8
 22  3  1  0 19  2 11  1 20  8 10  9  6 21 20  6 18  9 12  7  5 22  9  5
 24 22  2 16 22 23  6 13 20 19 19 21 24 24 21 21 19 13 22  5 23 24 17 12
 13 21 22 24]",GA,200,0.4,200,0.4
178,8,37978.0,1.9009440009999707,"[13 24 16 14 20 24 13 23  7  4 19 17 24  2 12 23  8 13 20 10 18  6 21 14
 22 10 14  5 22 21 24 10  1 20 15  9 22 15 22  7 19 14 21 18  4 21 16 16
 14 14 17 13  6 22 18 17 13 24 20 22  2  7 18 24  2 23  8 12 21 24  1 22
  9 12 18  1 15 18  9 19 16 19 20  7 21 20 14 20 20 12  1 15 22 16 24  6
  8 22  1 21]",GA,200,0.4,200,0.4
179,16,40774.0,3.760634294999818,"[13 24 14  9 20 20 13 23 17 10  9 23 12 11 18 14  8 16 15 21 20 20 21 20
 24 24 21 18 19 16 17  3  1 22 24  4 22  7 24 15 22 22  8 20  2  8 24  9
  5  9 17 21 15 22  8  1  8 20  8 18 14 19 22 21 12 11 12  7 22 20 20 21
  1 23  5  7 18 15  1  2 13 19 17 21  9 12 11 18 24 15 22 12 19 12 23 24
  5  2 14 24]",GA,200,0.4,200,0.4
180,32,44755.0,7.897128305000024,"[24 12 18  9 21 12  2 23 11 13  5 23 20  5 11 23 14 21 23 23  2 20 21  7
 24 24 24 18 23 16 17  6 24 21 10 21 24 19 19 20 24 14 17 21 12 24 24  0
 15  9 17 22 15 22  5  0  6 20 20 14  2 19 22 21 16 14  8 20 22 24 20 24
 21 23 11  7 22  9  9  2 20 19 10  0 21 21 21 21 13 17  6  6 23 24 23 22
 23  8 21 21]",GA,200,0.4,200,0.4
181,64,47827.0,17.022049851999782,"[24 23 16 14 23 20  2 20 11 13  5 22 24  5 23 23  0 21 23 24 20 20 17 22
 24 24 24 18 22  8  8  2 24 21 10 21 24 23 24 20 24 10  3 22 12 24 24  0
  5  3 17 22 11 11  5 21  1 24 24 19  5  7 23 24 24  9 12 22 24 24 20 24
 22 23 14  7 22  9  1  2 20 19 11 13 24 24 21 23 24 17 23  1 23 24 23 22
 23 10 24 12]",GA,200,0.4,200,0.4
182,128,49839.0,33.65725223499976,"[24 16 18 24 23 20  1 23  0  5  5 23 24 10 23 23  0 21 23 23 20 20 24 22
 24 24 24 24 22  8 24  3 24 24  0 21 24 24 24 24 24 21  8 24  7 24 24  3
  2  1 17 22 15  3  5 18  1 24 24 22  2  7 22 24 24 13 18 22 22 24 18 24
 21 23 22 13 22 20  1  2 24 23  4 16 24 21 23 23 24 23 23  1 23 24 24 24
 23  4  2 24]",GA,200,0.4,200,0.4
183,256,50799.0,63.940176171000076,"[24 24 24 23 23 21  1 23  0  5  1 24 24  5 24 23  0 23 23 24 24 20 24 24
 24 24 24 24 22  9 24  2 24 24  0 24 24 24 24 24 24 23  3 24  7 22 24  3
  0  1 23 22 15  3  5 21  0 24 24 18  2  7 24 24 24 23 18 22 22 24 21 24
 24 23 22  7 22 20  1  2 24 24  4 16 24 21 23 23 24 23 23  1 23 24 24 24
 23  0  2 24]",GA,200,0.4,200,0.4
184,512,51396.0,122.28221407299998,"[24 24 24 24 24 21  0 24  0  5  1 24 24  0 24 24  0 24 24 24 24 24 24 24
 24 24 24 24 23  3 24  2 24 24  0 24 24 24 24 24 24 24  3 24  4 24 24  0
  0  1 24 23 18  3  0 21  0 24 24 21  2  6 24 24 24 23 18 22 23 24 24 24
 24 23 23  1 24 20  1  0 24 24  4 16 24 24 23 23 24 24 23  0 24 24 24 24
 23  0  2 24]",GA,200,0.4,200,0.4
185,1024,51782.0,249.2470509929999,"[24 24 24 24 24 21  0 24  0  5  1 24 24  0 24 24  0 24 24 24 24 24 24 24
 24 24 24 24 24  1 24  2 24 24  0 24 24 24 24 24 24 24  3 24  2 24 24  0
  0  1 24 24 17  0  0 24  0 24 24 10  0  5 24 24 24 24 23 24 24 24 24 24
 24 24 23  1 24 20  0  1 24 24  4 21 24 24 24 24 24 24 24  0 24 24 24 24
 23  0  0 24]",GA,200,0.4,200,0.4
186,2048,51782.0,468.072814526,"[24 24 24 24 24 21  0 24  0  5  1 24 24  0 24 24  0 24 24 24 24 24 24 24
 24 24 24 24 24  1 24  2 24 24  0 24 24 24 24 24 24 24  3 24  2 24 24  0
  0  1 24 24 17  0  0 24  0 24 24 10  0  5 24 24 24 24 23 24 24 24 24 24
 24 24 23  1 24 20  0  1 24 24  4 21 24 24 24 24 24 24 24  0 24 24 24 24
 23  0  0 24]",GA,200,0.4,200,0.4
187,2,36395.0,0.505438681999749,"[ 6 18 15 16 17 17  7 18 21 24 21 22 22 10  2 21 24 10  2 16 23  1 18 18
 23 16 18 23 12  6 16 20 24 19 12 24 14  7 24 23 23 17 12 20 19  8 21 23
 18 11 11 20 20 23 18  0  4  5  1  5 15  2 22  3 22 15 11 21 23  3 14  6
 10 22 18 23 15 15 15  1 15 19  4  4 20  2 21 22 11 13  8 21 23 16  5 24
 15  6 22  6]",GA,200,0.6,200,0.6
188,4,36812.0,0.9083549500001027,"[16  6 24 20  8  7 11 21 14 17  7 24 18  3 15 15 22  6 22  9 22 24 24  8
 21 16 17 18 14  3 11 17 13 14 14 17 20 23 22  4 13 18  6 10 21  8  8 23
 10 10 10 21 14 19 22 22 11 15 17  6  4  2 23 11 21 11 15 21 15 20 22 19
 10 23  9 13 22 21 16 20  7 13 18 24  6  5 17 13  9  0  8  7 23  1 24 12
 16  7  4 16]",GA,200,0.6,200,0.6
189,8,38299.0,1.759763975000169,"[18 20 18 24  8 20 13  6 20 19 24 24  1  3 22 22  3  3 19 21 18 17 24 23
 24 16  8 17 10  3 11 14 13 14 18 17 17 23 24  4 23 12 18 20 15  8 15  2
 20 10 18 20 14 21  5 22 11 18 16 16 12  1  2 21 21  3  2 21 21 21 13 16
 23 18 15 22 10 11 12 18 15 10 12 24  3  5 20 13 18 20  8  7 20 17  5 24
 18 14  4 12]",GA,200,0.6,200,0.6
190,16,41384.0,3.468465343999924,"[19 19  0 24 23 11 14 12 24 12 11 18 17  3 15  4 15 22 22 19 17 15 24 23
 16 23 17  6 14 24 18 15 22 17 23 24 20 22 22  2 11 17 18 20 19  7 20  2
 13 11 13 16 24 13  5  8  2 18 15  6 14  6 22 24 24 12  0 21 24 21 23 23
 10 15  4 14 22 14  9 21 15 18 11  2 23 23 18 19 18  0 17 16 22 16 21 24
 16  5 19 16]",GA,200,0.6,200,0.6
191,32,44341.0,7.5380786810001155,"[23 12 18  1 23 17  5  5 20  8  5 23 22 17 23 21 15 23 20 21 23 16 24 23
 22 16 23 13 19  5 22  5 22 19 16 17 20 22 21 23 23 17  8 20 15  7 20 15
 20  1 18 22  7 16  5 20  2 15 22 19 14 17 18 20 24 20 13 20 19 21 23 23
 23 23  4 13 22 23  2  9 15 24 11  9 23 15 16 19 18 24 19  0 20 17  5 17
 20  0 15 12]",GA,200,0.6,200,0.6
192,64,48152.0,14.587098311999853,"[23 11 18 24 22 13  0 22 20  8  5 24 22 17 23 21  7 23 22 21 23 23 24 23
 24 24 23 17 15  5 22 11 22 18  3 24 22 24 24 23 23 19 11 20 15 12 19 15
  2  1 18 24  1 13  2 23  2 15 22 19  8  2 23 22 24 20 22 21 19 22 22 23
 23 23 12 13 22 21  2 10 15 24  0 18 23 15 24 19 24 24 23  2 24 24 24 24
 11  0  3 24]",GA,200,0.6,200,0.6
193,128,49795.0,29.06164680799975,"[23 18 18 24 23 17  0 22  7  8  5 24 22  3 23 22  1 23 22 21 23 23 24 23
 24 24 24 20 19  7 22  6 22 23  3 24 22 24 21 22 24 22 24 19  1 24 23  5
  2  1 23 24 24  5  2 20  2 15 22 19  8  2 23 24 24 20 22 20 24 22 23 23
 23 23  4  7 24 23  2  9 21 24  0  9 23 23 23 23 24 24 23  0 24 24 24 24
 20  0  3 24]",GA,200,0.6,200,0.6
194,256,50739.0,59.00600248699993,"[23 23 23 24 23 21  0 22  7  8  5 24 22  0 23 22  1 23 22 21 23 23 24 23
 24 24 24 24 23  0 22  1 24 23  3 24 24 24 21 23 24 22 16 24  1 24 23  2
  2  1 24 24 24  5  2 23  0 15 24 19  2  2 23 24 24 20 22 22 24 22 23 24
 24 23 12  7 24 23  0  1 24 24  0  9 23 23 24 23 24 24 23  0 24 24 24 24
 20  0  3 24]",GA,200,0.6,200,0.6
195,512,51130.0,116.97453117799978,"[23 23 23 24 23 21  0 22  7  8  0 24 24  0 24 22  1 23 22 22 23 23 24 23
 24 24 24 24 23  0 22  1 24 23  3 24 24 24 21 23 24 22 16 24  1 24 23  2
  2  1 24 24 24  5  2 24  0 15 24 19  1  2 24 24 24 20 22 24 24 24 23 24
 24 24 12  3 24 23  0  1 24 24  0 12 23 23 24 24 24 24 24  0 24 24 24 24
 20  0  3 24]",GA,200,0.6,200,0.6
196,1024,51492.0,224.2559823749998,"[24 23 24 24 24 21  0 24  7  8  0 24 24  0 24 24  0 24 22 24 23 23 24 23
 24 24 24 24 23  0 22  1 24 23  2 24 24 24 21 23 24 22 16 24  1 24 24  2
  0  1 24 24 24  1  2 24  0 23 24 19  1  2 24 24 24 21 22 24 24 24 23 24
 24 24 12  1 24 23  0  1 24 24  0 12 23 23 24 24 24 24 24  0 24 24 24 24
 21  0  1 24]",GA,200,0.6,200,0.6
197,2048,51539.0,441.5154269740001,"[24 19 24 24 24 21  0 24  7  8  0 24 24  0 24 24  0 24 24 24 23 23 24 23
 24 24 24 24 23  0 22  1 24 23  0 24 24 24 21 23 24 22 16 24  1 24 24  4
  0  1 24 24 24  1  2 24  0 23 24 19  1  1 24 24 24 21 22 24 24 24 23 24
 24 24 12  1 24 23  0  1 24 24  1 12 23 23 24 24 24 24 24  0 24 24 24 24
 24  0  1 24]",GA,200,0.6,200,0.6
198,2,35412.0,0.4764400230001229,"[22  3  5 11 22  5  0 24 22  7  6  6 15  7  3 14 11 13 13 23 14  4  6  1
  6 24 14 10 14 16 24 14 16 23 13  9 16 21  4  4 16 17  1  5 13 14 11 10
 12 16 20 24  7 24  4  1  5  8 12  7 23 13 22 15 12 10  6 23 21 22 20  2
 16 20 15  1 19 20  0  1 10 24 24 15 15  3 24 19 23 22 21 10 18 19 23 18
 19 15 17  8]",GA,200,0.8,200,0.8
199,4,37398.0,0.8604590420000022,"[21 11 24 22  7  8 11 10  6 10 13  1  2  1 21 19 15 13 17 21 14  1 20 19
 20 16 16 10 22  8 24 14 21 24 24 11 24 24 23 16 12  1 23 12 20  1 16  2
  6 24  9 22  7 21  4  3 12 12 22  8 20  6 12 23 21  6 15 23 23  9  6 24
  7 22 10 20 12 12  1 22  2 24 24 12  9 16 24 16 12  0 21 20 15 23 15 16
 19  6  8  2]",GA,200,0.8,200,0.8
200,8,39367.0,1.6000345470001776,"[21  4 16 16 20  8  2 20  3  5  3 10 16  0  4 14 14  6 20  1  4  2 22 20
 20 17 24  1 22 16 24 20 22 21 20 24 22 22 23 23 20  8 19 22  0 10 19  2
 14 24 19 22 14 24 13 17 24 14 21 10 23 22 23 22 17  7 17 20 23 23  3 18
  5 23 11 11 10  5  6 20 12 23 23 24 21  8 14  8 24 11 13 15 15  9 24  6
  2 17  8 24]",GA,200,0.8,200,0.8
201,16,40779.0,3.214598668000235,"[11 21  5 22 20  8 11 13  3 10 24 17  2 20  3 14  5  6 17 17 14 14 22 20
 23 16 10 21 21  8 24 14 19 23  5 24 24 22 23 15 20 13 19 20  9  0 19 21
 12  2 17 22 19 20 10 17 10 24 23  8  7 13 14 22 21  3 20 15 21 18 10 18
  7 23 14 22  6  5  2  7 12 24 13 24 21  2 24 11 19 19 20 15 22 23 15 16
 19  1 17 17]",GA,200,0.8,200,0.8
202,32,43771.0,6.275683194000067,"[23 24  1 22 22 17  5 24  3  7  6 14  2  0  9 14  5 13 20 23 24  2 18 23
 13 24 24 21 22  8 24 14 22 21 24 24 24 21 24 23 16 23 19 20  5  1 16 10
 11  2 17 24 20  0  4  5  0 20 21 22 23 13 23 23  7 17 23 20 23 23 10 18
 17 23 11  1 19  5  7  4 23 23 23 16 21 17 14 18 24 17 20  3 21 23 24  6
 19 12  8 21]",GA,200,0.8,200,0.8
203,64,47710.0,12.424523518000115,"[21 24 16 22 20 17  0 22  3 13  9 18 16  0 19 19 14 17 24 23 19 18 22 17
 24 23 21 21 18  8 20  7 21 23 13 24 24 22 19 23 20 16 19 24  5  8 24 10
  1  2 19 22 14 21  0 12  5 14 23 22  5  6 23 22 22 22 23 20 23 22 22 24
 23 24 11 11 20  9  0  4 12 24 13 15 14 24 24 23 23 22 19  0 20 24 24 24
 19  1  8 21]",GA,200,0.8,200,0.8
204,128,49703.0,24.827075491000414,"[23 24 24 22 20 17  0 24  3  9  3 22 22  0 19 21  0 17 24 23 24 20 22 17
 24 23 24 23 22  0 24  3 21 21 13 24 24 22 19 23 21 17 19 24  5 19 24 10
  1  2 19 24 24  8  0 18  0 12 23 17  5  2 24 23 22 22 23 21 23 24 22 24
 23 24 11 11 20 13  0  4 23 24 13 24 23 23 24 23 24 22 24  0 24 24 24 24
 19  1  4 21]",GA,200,0.8,200,0.8
205,256,50487.0,49.83441090100041,"[23 24 24 22 23 17  0 24  3  5  3 22 22  0 22 21  0 19 24 24 24 20 22 17
 24 24 24 23 22  0 24  3 24 23  4 24 24 22 24 23 21 23 10 24  5 24 24  0
  1  2 23 24 24  8  0 18  0 20 23 16  1  2 24 23 22 21 23 21 23 24 22 24
 23 24 11  0 20 18  0  4 23 24 13 24 24 23 24 23 24 23 24  0 24 24 24 24
 23  1  4 21]",GA,200,0.8,200,0.8
206,512,50974.0,99.53214949200037,"[23 24 24 22 24 17  0 24  3  5  3 22 24  0 24 21  0 22 24 24 24 22 22 24
 24 24 24 23 22  0 24  3 24 23  4 24 24 24 24 24 21 23 10 24  5 24 24  0
  1  0 23 24 24  5  0 18  0 20 23 16  0  2 24 24 23 21 23 21 23 24 22 24
 24 24  7  0 20 18  0  4 23 24 13 24 24 23 24 23 24 24 24  0 24 24 24 24
 23  1  4 23]",GA,200,0.8,200,0.8
207,1024,51154.0,179.15945396200004,"[23 24 24 22 24 17  0 24  3  5  3 24 24  0 24 22  0 22 24 24 24 22 22 24
 24 24 24 23 22  1 24  3 24 23  4 24 24 24 24 24 21 23 10 24  5 24 24  0
  1  0 23 24 24  5  0 18  0 20 23 16  0  2 24 24 24 21 23 21 23 24 22 24
 24 24  7  0 24 18  0  4 23 24  8 24 24 23 24 24 24 24 24  0 24 24 24 24
 23  1  4 23]",GA,200,0.8,200,0.8
208,2048,51486.0,334.38332282300007,"[24 24 24 24 24 16  0 24  3  5  0 24 24  0 24 24  0 24 24 24 24 24 24 24
 24 24 24 23 22  1 24  1 24 23  4 24 24 24 24 24 24 23 10 24  4 20 24  0
  1  0 24 24 24  5  0 18  0 20 23 16  0  2 24 24 24 21 23 23 24 24 22 24
 24 24  9  2 24 18  0  1 24 24  8 24 24 23 24 24 24 24 24  0 24 24 24 24
 23  1  1 24]",GA,200,0.8,200,0.8
209,2,36310.0,0.3223593120001169,"[22  2 17 24 11 17 19  0 23  4 20 23  1 23 15  4 22 24 13 23 19 10 23 12
  9 15 21 15  9  0  5  2 18 20 22 20 16 19 16 21 16 18 12  5 19  6 20 15
 13 22 16 21  0  6  9 20 21 24 14  9  5 16 10 24  6  3  3 14 14 23 18  1
 20 12  7  7 20 19 19 16 15 16  5 19 18 20 13 14 18 17 17 24 18 19 19  6
 23 13  8 16]",GA,200,1.0,200,1.0
210,4,36671.0,0.5573806259999401,"[19  0 22 14 11 17 10 14 13 19  4 14 24 13  4 14 19  8  0 16 16 22 19 10
 17 15 12 24 20 20 19 22 22  4 12 23 17 23 23 12 21 18 11  1 19 12 14 22
  2 20 24 23  1  5 19 21 10  8 19  2 10  5 14 15 24  0 24  6 10 11  6 19
  7 24 24  8 21  2 19  5 15 15 12 19  5 23 15 20 21 22 11 23 21 24 18  8
 24 23 18 20]",GA,200,1.0,200,1.0
211,8,39979.0,1.0381483840001238,"[14  2 13  2 18 17  3  0 24 16 24 23  1 21 22 20  6 15 13 22 21 11 16 16
 17 22 24 13 23 20 15 24 20 13  5 20 18 17  6 23 21 18 18 12 19 15 22 12
  0  3 14 23 14  5 18 21 20  3  6 19 11 14 15 19 24 12 24 14 21 19  4 14
 21 24 24  2 21 19  1  8  8 12  5 19 21  9  7 23 20 20 23 24 21 19  8 24
  3 19  5  6]",GA,200,1.0,200,1.0
212,16,41475.0,1.9720744569999624,"[19 17 24 21 18 13  3 15 24 18  5 18 21 18 15 21  6  8 13 23 19  7 15 18
 23 18 22 16 21 14 23  0 22 20  7 18 24  2 23 23 11 18 14 14 24 15 17  0
 10  3 22 24  0 21 16 24 10 11 13 16 15  9 18 15 24 12 10 17 20 23 22 19
 20 12 10 24 21 13  1 16 15 22 12 21 21 13 17 17 22 17 17 16 23 24  1 20
  2  3  8 24]",GA,200,1.0,200,1.0
213,32,45350.0,3.865806541999973,"[24 15 24 15 22 17  0 21 11 24  5 23 10 11 22 21  6 23 21 23 17 22 16 24
 22 23 24 23 16 14 15  0 15 20  4 20 18 22 23 22 21 19 18 23 22  8 20  0
 10 10 24 24  2 21  0 24 15 20 13 19  5 14 21 24 24 15 21 14 21 23 22 21
 22 24  0 24 21 19  1  5 20 22  6  0 24 13 18 23 13 22 17 10 18 19 18 20
  3  0 17 19]",GA,200,1.0,200,1.0
214,64,48599.0,7.55290465600001,"[24 15 22 24 18 16  0 21  7 18  4 23 21 12 22 22  0 23 23 23 20 22 23  9
 22 22 24 22  9 14 19  0 23 20  4 23 24 22 21 23 23 19 18 23  9 15 22  4
  2  3 24 24 21  0  0 20  1 20 20  6 10  7 23 24 23 22 21 21 21 24 22 24
 22 24 10 24 21 19  1 16 20 22  6 23 21 23 24 23 22 18 23 10 23 24 23 24
 22  0  8 18]",GA,200,1.0,200,1.0
215,128,49804.0,15.04895694400011,"[24 17 24 24 22 16  0 21  7 10  0 23 21 11 23 22  0 23 23 23 20 22 24 24
 23 23 24 22 16  1 22  0 23 24  4 23 24 22 21 23 23 19 18 23 12 15 23  5
  0  3 24 24 24  0  0 24  1 20 20 12  2  7 23 24 24 22 24 21 24 24 22 24
 22 24 10  2 21 19  1  5 20 22  6 23 21 23 24 24 22 22 23 10 23 24 23 24
 22  0  5 19]",GA,200,1.0,200,1.0
216,256,49858.0,30.726473707999958,"[24 17 24 24 22 16  0 21  7 10  0 23 21 11 23 22  0 23 23 23 20 22 24 24
 23 23 24 23 16  1 22  0 23 24  2 23 24 22 21 23 23 19 18 23 12 15 23  5
  0  3 24 24 24  0  0 24  1 20 20 12  2  7 23 24 24 22 24 21 24 24 22 24
 22 24 10  2 21 19  1  5 23 22  6 23 21 23 24 24 22 22 23 10 23 24 23 24
 22  0  5 19]",GA,200,1.0,200,1.0
217,512,49858.0,61.21150320700008,"[24 17 24 24 22 16  0 21  7 10  0 23 21 11 23 22  0 23 23 23 20 22 24 24
 23 23 24 23 16  1 22  0 23 24  2 23 24 22 21 23 23 19 18 23 12 15 23  5
  0  3 24 24 24  0  0 24  1 20 20 12  2  7 23 24 24 22 24 21 24 24 22 24
 22 24 10  2 21 19  1  5 23 22  6 23 21 23 24 24 22 22 23 10 23 24 23 24
 22  0  5 19]",GA,200,1.0,200,1.0
218,1024,49858.0,127.72697353600006,"[24 17 24 24 22 16  0 21  7 10  0 23 21 11 23 22  0 23 23 23 20 22 24 24
 23 23 24 23 16  1 22  0 23 24  2 23 24 22 21 23 23 19 18 23 12 15 23  5
  0  3 24 24 24  0  0 24  1 20 20 12  2  7 23 24 24 22 24 21 24 24 22 24
 22 24 10  2 21 19  1  5 23 22  6 23 21 23 24 24 22 22 23 10 23 24 23 24
 22  0  5 19]",GA,200,1.0,200,1.0
219,2048,49858.0,143.2705009350002,"[24 17 24 24 22 16  0 21  7 10  0 23 21 11 23 22  0 23 23 23 20 22 24 24
 23 23 24 23 16  1 22  0 23 24  2 23 24 22 21 23 23 19 18 23 12 15 23  5
  0  3 24 24 24  0  0 24  1 20 20 12  2  7 23 24 24 22 24 21 24 24 22 24
 22 24 10  2 21 19  1  5 23 22  6 23 21 23 24 24 22 22 23 10 23 24 23 24
 22  0  5 19]",GA,200,1.0,200,1.0
220,2,35793.0,0.5222159179998016,"[19 21 11 19 16  8  7 14 21 12 16 17  3  4 23 18 22  4 15  3 21  2 16 10
 23 11 17  3  4 23 24 16 21 19 10  5 24 17  4  9 13 19  9 14  9  4 12 11
 22  5 13 19 17 22 13  4  5 23  0 17  6 18 21 22 18 15 15  9 24 16 19 24
  8  8  9 20  9 22 14 23  4 11 15 21  4 21 15  4 13 16 16 23 22 24  9  8
 23 18 19  5]",GA,300,0.2,300,0.2
221,4,35793.0,0.9597006959997998,"[19 21 11 19 16  8  7 14 21 12 16 17  3  4 23 18 22  4 15  3 21  2 16 10
 23 11 17  3  4 23 24 16 21 19 10  5 24 17  4  9 13 19  9 14  9  4 12 11
 22  5 13 19 17 22 13  4  5 23  0 17  6 18 21 22 18 15 15  9 24 16 19 24
  8  8  9 20  9 22 14 23  4 11 15 21  4 21 15  4 13 16 16 23 22 24  9  8
 23 18 19  5]",GA,300,0.2,300,0.2
222,8,39521.0,1.8054348020000361,"[22 22  9 11  4 18 14 21 21 14 24 12 18 18 23  1 15 24 17 14 23  7 15 14
 14 24 20 10 21 16  1  1 17 12 14 23 21 18 18 21 21  5  4 22  8 17 24  0
 13 20 22 22 21  3  1  4 19 20  6  8 22  7 24 10 20 13 19  7 23 23  9 24
 23 24 16  9 14 21 12  6 22 17  7 17 19 23 21  7 13 18 20 24 14  5 21 10
  6  6 17 18]",GA,300,0.2,300,0.2
223,16,40148.0,3.531317720000061,"[22  4 13 23  4 16 18  8  0 13  1 23 22 23 23 14 20 24  8 15 23 18 22 19
 13 14 12 22 21 16 24 16 24 18 14 19  8 23 10  3  1 20 20 22 15 12 14  0
 17 22 24 22 24 17  3 15  5 17  7  0  7 22 17 21 20 15  9 18 21 21 19 18
 21 10 23  2 22  5  7  7 20 17  1 22  5 21 20 20 23 17 22 24 22 17 16 17
  4  9 14 19]",GA,300,0.2,300,0.2
224,32,44047.0,6.8352249790000315,"[22 11  3  8 16 21  0  2  6 14  0 23  7  8 18 24  5 24 22 23 24 16 22  8
 23 24 23 22 20  0 13 22 21 24 22 15 19 22 15  9 23 15  9 22 15 12 23 16
  3  5 19 24 20 17  3 18 14 11 24 18 10  3 17 20 21 19 17  0 17 24  0 24
 24 13  3 15 22 23  7  2  6 23 18 21 20 12 24 21 16 24 18  5 24 19 18 24
 15 11 10 20]",GA,300,0.2,300,0.2
225,64,47463.0,13.322742066000046,"[22 22  8  3 22 16 12 22  6 13  0 24  5  3 24  9  0 23 22 23 24 21 22 22
 18 24 24 22 17  9 24 11 21 19  4 19 24 22 16 18 22 23 13 23 15 15 23  5
  3  0 24 24 11 10  3 15 15 11 19  5 11  2 19 21 24 20 17 24 23 23 19 24
 24 21 22  5 13 23  7  7 20 23  2 24 20 22 24 20 24 24 24  1 24 24 22 24
 18  0 10 21]",GA,300,0.2,300,0.2
226,128,49735.0,26.19322438500012,"[22 23 21 23 22 20  0 22  0 13  0 24 24  2 24 24  0 24 24 23 24 20 22 23
 23 24 24 22 21  2 24  2 21 24  4 23 24 22 15 20 14 23 13 23 23 12 23 16
  3  2 21 24 17  3  3 18  6 23 24 12  4  2 21 22 24 19 23 24 23 24 19 24
 24 24 12  5 22 24  3  0 20 24  2 20 20 20 24 23 23 23 24  1 24 24 22 24
 18  0  8 23]",GA,300,0.2,300,0.2
227,256,50909.0,55.99655882699972,"[24 24 24 24 24 20  0 23  0  3  0 24 24  3 24 24  0 24 23 23 24 23 22 23
 23 24 24 22 23  2 24  2 22 24  4 23 24 23 18 20 23 23 13 23 12 19 23  5
  0  2 24 24 24  0  3 22  4 14 24 12  3  2 24 24 24 20 23 24 24 24 19 24
 24 24 22  0 22 23  2  0 22 24  2 24 24 22 24 24 24 24 24  1 24 24 22 24
 23  1  0 22]",GA,300,0.2,300,0.2
228,512,51687.0,122.19694684399974,"[24 24 24 24 24 20  0 23  0  1  0 24 24  0 23 24  0 24 24 24 24 24 24 23
 24 24 24 23 24  0 24  2 24 24  0 23 24 24 24 24 22 23 13 24  2 19 24  2
  0  0 24 24 24  0  3 22  1 23 24  1  2  2 24 24 24 20 24 24 24 24 23 24
 24 24 23  0 24 21  0  0 24 24  2 24 24 23 24 24 24 24 24  0 24 24 24 24
 23  0  0 23]",GA,300,0.2,300,0.2
229,1024,51926.0,303.9858010849998,"[24 24 24 24 24 22  0 24  0  1  0 24 24  0 24 24  0 24 24 24 24 24 24 24
 24 24 24 24 24  0 24  0 24 24  0 23 24 24 24 24 24 23 13 24  0 24 24  2
  0  0 24 24 24  0  0 23  0 23 24  1  0  0 24 24 24 24 24 24 24 24 24 24
 24 24 23  0 24 23  0  0 24 24  2 24 24 23 24 24 24 24 24  0 24 24 24 24
 24  0  0 23]",GA,300,0.2,300,0.2
230,2048,51941.0,679.3470694669995,"[24 24 24 24 24 22  0 24  0  1  0 24 24  0 24 24  0 24 24 24 24 24 24 24
 24 24 24 24 24  0 24  0 24 24  0 24 24 24 24 24 24 23 13 24  0 24 24  2
  0  0 24 24 24  0  0 23  0 23 24  1  0  0 24 24 24 23 24 24 24 24 24 24
 24 24 23  0 24 23  0  0 24 24  2 24 24 23 24 24 24 24 24  0 24 24 24 24
 24  0  0 23]",GA,300,0.2,300,0.2
231,2,35761.0,0.8592750400002842,"[ 2 24 19 19 21 16 19 12 14 13  8 18 21  6 24 15 18 19 12  7 20  0 20 10
 15 20 17  5 18 20 23 18 12 22  8 19 17 19 24 24 22  5  5 21 15 15 23 16
 22 19 20 23  7  8 18  6 12 10 13 11  9  5 19 11  9 14 20 21  4 13 19  3
  5 11 11 15 16 18  3 15 23 21 10 14 12 17 24  7  6 22  3  5 23 17  4 19
 20 12  9  4]",GA,300,0.4,300,0.4
232,4,37595.0,1.5659307930000068,"[19  2  7 23 22 23 16 15 20 16 17 13  2 16 19 17  9 21  8 19  8  4  8  8
 11 12 23 21  9 24 20 24 15 20  5 23 18 23 17 16 20 23 16 21 10 15  8 11
  3 12 24 21 17 23 18  4  7  2 15 23  8 21 11  4  8 23 10 19 10 24 23 23
 11 17 14 21 19  5  3  8 10 18 16  8 22 17 21 21  2 20 17  2 21 15 15 15
 24 12  5  4]",GA,300,0.4,300,0.4
233,8,38708.0,3.287990617000105,"[23 23  3 20 16  8 19 21  3  6 19  7 23 21  4 17  1 16 21 18 16 20 24 20
 24 23 19  2 21  3  8 19 10  5 10 15 24  4  7 16 14 11 15 14 10 21 24 17
 23 12 24 21  7 13 18 22  6 19 22 21 10 18 23 12 18 20 22  3 22 12 21 14
  9 19 15  5 15 23 15 21 10 16 16 21 20 15 23 14  9 21 18  9 22 24 21  5
  5 15 17 10]",GA,300,0.4,300,0.4
234,16,41335.0,6.012044684000102,"[19  4 23 18 16 18 18 21 20 15 17 24 22  2 16 21  2 14 12 19 16 17  8 20
 19 23 23 14  5 19 23 21 22  4 10 11 10 23 17 16 14 18 14 23 22  2 18  1
 21  1  9 21  9 15 16 23 21 19  2 10  9  4 21 24 15 20 16  1 12 24  2 23
 24 23 14  8 15  9  3  1 21 20 16 21 22 15 23 23 23 13 24 10 23 24 19 16
 14 12 17 12]",GA,300,0.4,300,0.4
235,32,45150.0,11.029925269999694,"[18  4 23 11 21 18  4 21  3 16 17 24  1 10 23 23  3 14 23 20 23 23 22 20
 24 23 23 14 17 13 17 12 16 23  5 20 22 20  8 24 14 14 18 22 22 22 18 23
 19  6 24 21 14  3  2  6 13 24 22  7  0  7 21 20 18 16 23  8 23 24 21 20
 24 23 18 20 15 20  3  1 18 18 14 21 12 17 21 16 15 21 18  2 21 24 23 22
 24  2  7 17]",GA,300,0.4,300,0.4
236,64,48327.0,22.031950868000422,"[24 18 14  8 22 16  5 21  0 16  0 24 17  6 23 23  3 19 23 24 20 20 21 20
 24 22 24 16 21 13 23  0 23 22  9 23 23 22 21 21  1 24 22 21  7  4 24  5
  3  7 24 23 14  2  2  6 15 16 22 20  4  4 23 24 23 13 19 23 23 24 21 19
 24 23 20  5 15 23  4 13 18 24  9 14 24 20 21 24 24 23 20  2 24 24 23 22
 23  2 15 22]",GA,300,0.4,300,0.4
237,128,50191.0,45.109791808999944,"[24 24 24 24 22 23  0 21  0 16  0 24 23  0 23 24  3 23 23 24 24 20 24 20
 24 22 24 24 21  9 23  0 23 22  6 23 23 22 24 24  9 24  5 23  7  4 24 20
  3  1 24 23 14  1  2 22  5 16 23 18  1  1 24 24 22 24 23 23 23 24 21 24
 24 24 14  5 18 23  3  3 24 24  3 14 22 20 24 24 24 23 24  0 24 24 23 24
 23  3 15 22]",GA,300,0.4,300,0.4
238,256,51037.0,87.4925278339997,"[24 24 24 23 22 23  0 24  0  3  0 24 24  0 24 24  2 23 23 24 24 21 24 21
 24 23 24 24 24  4 23  0 24 22  6 23 23 23 24 24 22 24 15 23  1 15 24  0
  3  1 24 23 21  1  2 23  2 23 24  2  1  1 24 24 24 20 23 23 24 24 21 24
 24 24 20  8 21 20  1  0 24 24  2 22 24 20 24 24 24 23 24  0 24 24 23 24
 23  2  0 23]",GA,300,0.4,300,0.4
239,512,51755.0,175.17554010799995,"[24 24 24 24 24 23  0 24  0  3  0 24 24  0 24 24  1 24 24 24 24 24 24 24
 24 24 24 24 24  2 24  0 24 22  0 23 24 24 24 24 24 24 15 24  0 22 24  0
  0  0 24 24 23  0  2 23  0 24 24  1  0  0 24 24 24 21 23 24 24 24 24 24
 24 24 20  0 23 23  1  1 24 24  2 22 24 20 24 24 24 24 24  0 24 24 24 24
 24  2  0 23]",GA,300,0.4,300,0.4
240,1024,51890.0,332.7496411000002,"[24 24 24 24 24 24  0 24  0  1  0 24 24  0 24 24  1 24 24 24 24 24 24 24
 24 24 24 24 24  0 24  0 24 23  0 24 24 24 24 24 24 24 15 24  0 23 24  0
  0  0 24 24 23  0  0 23  0 24 24  1  0  0 24 24 24 21 24 24 24 24 24 24
 24 24 20  0 24 23  1  0 24 24  2 22 24 21 24 24 24 24 24  0 24 24 24 24
 24  1  0 24]",GA,300,0.4,300,0.4
241,2048,51890.0,619.2463630390002,"[24 24 24 24 24 24  0 24  0  1  0 24 24  0 24 24  1 24 24 24 24 24 24 24
 24 24 24 24 24  0 24  0 24 23  0 24 24 24 24 24 24 24 15 24  0 23 24  0
  0  0 24 24 23  0  0 23  0 24 24  1  0  0 24 24 24 21 24 24 24 24 24 24
 24 24 20  0 24 23  1  0 24 24  2 22 24 21 24 24 24 24 24  0 24 24 24 24
 24  1  0 24]",GA,300,0.4,300,0.4
242,2,36098.0,0.7587264499998128,"[ 7 21  4 15  9 23 16  0 10 12 14 20 11  8 17 19  8 19 14 17  5 11 11 12
 14 17  9 24 19  9  0 14 11 23  0 24 15 18 19 10 22 10 10 23 16  9 10  4
  1  0 14 21 10  4 14 21  8  5 22  2 12 10 19  4  5  1 15 23 22 23  8  8
 23 18 19  1 16 13 14 20 18 20 12 21 23  9 22 24 10 21 16 24 15 24 24 22
 13 19  6  7]",GA,300,0.6,300,0.6
243,4,37073.0,1.3688877650001814,"[16 21  4 15  4 23 16  8 10  9  6 20  0 22 12 19  6 19 17  2  5 11  9  9
 10 17 18 23 19  8  0 14 21 23  3 20  1 18 19 15  5 10 12 21 16  9  5 22
  1 17 14 17 12 24 17 21 17 23 22  2 12 14 19  4  5 18 15 23 18 23 24 16
 23 20 19  1 10 13  2 20 19 22 12 21 24 24 24 24  2 21 16 12  4 24 18 22
 22 23  6  7]",GA,300,0.6,300,0.6
244,8,38548.0,2.5791797299998507,"[19 15 24 10 22 16 10  7 14 22 10 22 11  5 14 11 10 21 11 10 14 11 19  3
 15  6 12 16 17  5  4  9 20 15  2 17 14 22 19 21 23 22 17 22 17  3 12 15
 17  8 12 24 11 19  8 24  3  0 23 18 16  1 12 22 17 15  6 24 12 24 15 23
 22 19 17  9 10  9  8 18 14  9 18 17 18  5 18 17 23  6 21 16 22 24  8 23
  3  9 23 23]",GA,300,0.6,300,0.6
245,16,40814.0,4.974312897000345,"[12 10  9 18 16 24  9 23  2 19 19 24  4 20 21 15 24 21 24 23 24 11 24 21
 10 21 19 13 22 23 24 21 21 15  4 12 14 17 21  5 22  9 13 22  0 15 22 22
 12  9 18 23 10 12 12  3  8  3  8 22 22 10 24 20 13 15 15 19  8 22 19 20
 20 24 21 13 22 20  2 12  8 18 16 21  0 15 24 13 23  0 15  5 23 13 21 13
  3 22  5 17]",GA,300,0.6,300,0.6
246,32,45182.0,9.619760974999735,"[19 22 13 18 19 23  1 22  7 20  5 20 11  8 19 15 17 19 17 19 24 21 24 16
 22 12 20 16 16  2 23  0 20 23 10 12 23 22  4 21 22 22 17 23  0 15 22 15
  3  0 18 23 23 24  8 11  3 21 12 18 14 10 24 19 23 12 24 17 22 24 23 13
 22 24 17  2 19  9  2 14  8 23 16 21 23 15 20 21 23 21 20  0 21 14 24 23
 19  5  2 14]",GA,300,0.6,300,0.6
247,64,48398.0,20.391260227000203,"[20 24 19 21 22 12  0 23 10  4  5 24  4  5 24 18  0 23 24 23 24 21 24 10
 22 20 24 18 24  9 24  0 24 24 10 19 23 22 19 21 22 22 17 24  0 24 22 13
  3  0 20 21 23  2  0 24  9 19 22  9 12  1 24 20 23 24 23 21 24 24 21 18
 18 24 21 17 22 18  3  4 18 24  4 13 19 22 22 24 23 21 23  3 24 21 24 24
 21  6  8 21]",GA,300,0.6,300,0.6
248,128,50268.0,41.36674170200058,"[21 19 24 18 24 23  0 23  5  4  5 23 17  5 24 24  0 23 24 24 24 21 24 18
 22 20 24 17 24  1 20  0 24 24  7 24 23 22 19 21 23 22 19 24  0 15 24 13
  0  0 20 24 23  0  0 18  8 19 22  8  6  0 24 23 23 23 23 23 24 24 23 23
 24 24 17  8 22 18  1  4 24 24  6 23 24 22 24 24 23 24 23  0 24 24 24 24
 21  4  0 21]",GA,300,0.6,300,0.6
249,256,51279.0,84.24610136899992,"[23 24 24 21 24 23  0 23  5  1  0 24 23  5 24 24  0 23 24 24 24 24 24 24
 22 23 24 24 24  1 24  0 24 24  3 24 24 23 19 21 23 22 17 24  0 22 24  4
  0  0 20 24 23  0  0 24  0 19 24  5  1  0 24 23 24 23 24 23 24 24 23 24
 24 24 17  7 24 20  1  4 24 24  6 24 24 23 24 24 23 24 23  0 24 24 24 24
 22  0  0 24]",GA,300,0.6,300,0.6
250,512,51641.0,167.09701026499988,"[23 24 24 23 24 23  0 24  5  1  0 24 24  3 24 24  0 24 24 24 24 24 24 24
 22 24 24 24 24  0 24  0 24 24  2 24 24 24 19 21 23 23 17 24  0 24 24  0
  0  0 24 24 23  0  0 24  0 19 24  6  0  0 24 24 24 23 24 24 24 24 24 24
 24 24 17  3 24 20  1  4 24 24  6 23 24 23 24 24 24 24 23  0 24 24 24 24
 22  0  0 24]",GA,300,0.6,300,0.6
251,1024,51667.0,352.0329542039999,"[23 24 24 24 24 23  0 24  5  1  0 24 24  3 24 24  0 24 24 24 24 24 24 24
 22 24 24 24 24  0 24  0 24 24  2 24 24 24 19 21 23 23 17 24  0 24 24  0
  0  0 24 24 23  0  0 24  0 19 24  6  0  0 24 24 24 23 24 24 24 24 24 24
 24 24 18  0 24 20  1  3 24 24  6 23 24 23 24 24 24 24 23  0 24 24 24 24
 22  0  0 24]",GA,300,0.6,300,0.6
252,2048,51778.0,703.7611850550002,"[24 24 24 24 24 23  0 24  1  1  0 24 24  3 24 24  0 24 24 24 24 24 24 24
 22 24 24 24 24  0 24  0 24 24  2 24 24 24 19 24 23 23 17 24  0 24 24  2
  0  0 24 24 23  0  0 24  0 24 24  6  0  1 24 24 24 23 24 24 24 24 24 24
 24 24 18  0 24 20  1  0 24 24  3 23 24 23 24 24 24 24 23  0 24 24 24 24
 23  0  0 24]",GA,300,0.6,300,0.6
253,2,35134.0,0.7671121009998387,"[20 17 13 20  5 24 16 11 11 17 19 11  9 20 15 18  8 14 13  3  9 21  8  3
 18 18 24 24 18  3  0 14 24 22  6  3  7 17 10 14 21 20  6 23  2  2 24 21
  7 21  4 20 15  2 16  4 17  2 10  3  2 13 23 14  4 17  9 19 16  9 22 18
 22 11 16  3 16 20 20 13  8 19 20 14 21 18  1 16 11  5 22 20 23 22  4 17
  8  9 18 21]",GA,300,0.8,300,0.8
254,4,36676.0,1.3448859979998815,"[ 4 19 20 20 19 24  8  9 16 19 18  2 16 10  6 14  8 16 21  5  6 11 15 15
 10  6 18 18 23  9  0  7  7 23  7 10 13 21 14 21 15 15 22 21 19 18 18  1
 15  7 24 18 21 21 22 19 10  2 15 11  0 15  6 17 23 21 13 16 20 20 10 10
 18 18 14 21 17 19  8  6 17 24  1  7 17 20  3 17 19 18 15 14 24 21 23 18
  5 11  1 17]",GA,300,0.8,300,0.8
255,8,38547.0,2.473432234000029,"[11 18 14 20 15 11 16 17 15  3  7 13  6  2 19 20 23 20 21 13 17  5 15 13
 18 17 20 24  2 24 15 10 12 18 20  7 12 20 17  7  8 24 22 17 24 11 15 13
  6 21 21 19 21  0 16 19  9  4 17 10  4  9 24 17 10 21 13  7 17 20 19 14
  0 23 15  7 21 16  0  7 24 16 20 18 14 11 24 23 21 10 16 22 22 14 13 18
  5 19 23 21]",GA,300,0.8,300,0.8
256,16,41789.0,5.021044283000265,"[24  7 20 10 18 24 13 17 17  4  5 16 13 15 19 22  6 18 21 23 23  3  8 24
 18 19 24 13  9 15 17  0 19 22 19 23 21 22 22  1 21 20 11 24 14 18  7  1
 19 15 24 19 15  5 19 23 17 17 15  9 19  1 19 23 20 19 12 22  0 23 10 22
 20 23 12 23 22 24 18 14 21 24 20  1 24 10 24 17 17  6 19  5 22 24  3 14
  3  4  2 20]",GA,300,0.8,300,0.8
257,32,44440.0,9.910492019999765,"[24 23 21 20 15 21  2 21  0  7  3 22 19 10 15 20 23 20 24 23 10 11 20 24
 22  4 24 17 20 11 18 14 19 10 12 21 15 22  7 20  5 20 19 19 17 23 23 14
  6  3 22 20 23 20 22 15 18 14 13  6  4  1 24 23 21 21 13 18 23 24 22 22
  9 23 24 12 10 20  1 21 19 24  1 12  0 20 24 23 22 24 12  5 22 22 23 17
 15  6 10 23]",GA,300,0.8,300,0.8
258,64,48188.0,19.00883799100029,"[24 17 19 20 19 22  1 19 15  3  1 23  9 21 23 22  5 18 20 24 17 11 20 24
 21 24 24 17 21 15 23  0 24 12  6 23 23 24 22 20 14 20 19 24 22 23 23  3
  3  7 24 23 21  5  0 18  1 14 19  7  4  2 22 23 24 19 21 22 20 24 23 23
 24 23  6  6 17 21  1  0 22 24 23 24 16 24 24 23 22 23 19  0 23 22 24 21
 15  4  3 20]",GA,300,0.8,300,0.8
259,128,50405.0,37.37452952199965,"[24 23 21 24 24 24  2 22  0  3  1 23 19  3 23 24  5 20 24 24 24 23 24 24
 22 24 24 24 21  4 23  0 24 19  6 23 23 24 22 21 21 20 19 24  2 23 24 15
  3  7 24 23 21  1  0 18  1 24 21  6  0  2 23 24 24 16 21 22 22 24 23 24
 24 23 16  6 22 21  1  0 22 24  1 24 24 23 24 24 24 23 24  0 23 24 24 24
 15  4  2 21]",GA,300,0.8,300,0.8
260,256,51197.0,74.06098873599967,"[24 23 23 24 24 24  1 24  0  3  1 23 22  3 23 24  5 24 24 24 24 23 24 24
 22 24 24 24 21  2 23  0 24 23  2 23 24 24 24 21 21 22 11 24  2 23 24  3
  0  2 24 24 23  1  0 18  0 24 21 21  0  2 23 24 24 23 22 22 23 24 23 24
 24 24 16  4 22 21  1  0 24 24  1 24 24 24 24 24 24 24 24  0 24 24 24 24
 22  0  2 21]",GA,300,0.8,300,0.8
261,512,51534.0,148.87071429499974,"[24 23 24 24 24 24  0 24  0  3  1 24 24  1 24 24  2 24 24 24 24 23 24 24
 22 24 24 24 21  1 24  0 24 23  2 23 24 24 24 23 23 22 11 24  2 23 24  3
  0  2 24 24 23  1  0 18  0 24 24 21  0  2 24 24 24 21 22 23 24 24 24 24
 24 24 16  4 22 21  0  0 24 24  1 24 24 24 24 24 24 24 24  0 24 24 24 24
 24  0  1 21]",GA,300,0.8,300,0.8
262,1024,51611.0,297.33157123,"[24 23 24 24 24 24  0 24  0  3  1 24 24  1 24 24  2 24 24 24 24 23 24 24
 24 24 24 24 21  1 24  0 24 23  2 23 24 24 24 23 23 22 11 24  2 23 24  3
  0  0 24 24 23  1  0 18  0 24 24 21  0  2 24 24 24 21 22 23 24 24 24 24
 24 24 16  5 22 21  0  0 24 24  1 24 24 24 24 24 24 24 24  0 24 24 24 24
 24  0  1 21]",GA,300,0.8,300,0.8
263,2048,51654.0,668.4754380659997,"[24 23 24 24 24 24  0 24  0  3  1 24 24  1 24 24  2 24 24 24 24 23 24 24
 24 24 24 24 21  1 24  0 24 23  0 24 24 24 24 23 23 22 11 24  2 21 24  3
  0  0 24 24 23  1  0 18  0 24 24 21  0  2 24 24 24 24 22 24 24 24 24 24
 24 24 16  5 22 21  0  0 24 24  1 24 24 24 24 24 24 24 24  0 24 24 24 24
 24  0  1 21]",GA,300,0.8,300,0.8
264,2,35841.0,0.7987310119997346,"[23  3 21 13 23  4  2 15  4 16 10  6  9 15 15 11  2 24 14 11 23 16 21  6
 12 15 13 22  1  7  2  6 24 24 16 17 23 14 24 17  0  7 10  8 19 16 21 11
 23  9  6 17 20 20  4 20 17 23  6 20  6 15 18 23 17 20 24  3 14 24  9  8
 23 14 10  7 17 19 22  8  3  8  7  0 21 12 11 23 23 24 20 10 11 18  5  8
 10 23 12 24]",GA,300,1.0,300,1.0
265,4,36380.0,1.4650901800005158,"[15  8 20  8 19 19  2 21 13  7 13 17 23 21 20  0 14 12 19 18 12  9  0 19
 24 18 15 23 22  5 16  0 23 21 15 19 15 21 23 16 20 12 22 24 13 22  7 22
 15 20 20  9 24  2  4  7  3 12  9  3 10  4 12 20 19 21  2  9  4 21 23  8
 14  0 23 17  3 11  7 10 12  8 15 24 22 20 24 19  8 17 10 23 18 22 24 13
 14 19 16 24]",GA,300,1.0,300,1.0
266,8,37854.0,2.6994017220004025,"[20  9 17 13  8  8  5 21 13 22 11 17 10 18 20 22 24 12 19 20 12 12 17 17
 23 15 16  7 22 10 20  8 14 11 15 15 15 14 23 14 21 23 20 17 13 10 18 22
  4  6 10 15 20  2 14  3 20 19 17 21  7 22 13 20 24  6 23  8 22 23 23 15
 16 15 23 24  3 11 24  9 19  1 13 13 17 20 24 19  2 23  6  5 12  6 22 13
  5 11  9 24]",GA,300,1.0,300,1.0
267,16,42215.0,5.032585857999948,"[17 17 17  8 22  7  0 20 24  5 14 14 22 21 20  8 19 23 24 14 12  4 19 24
 24 16 24 18 23 12 12  4 23 21 15 10 20 21  9 16 20  7 18 24 22 10 14 15
  8  0 19 17 24  2 24 24  0 12 10 16 10  4 19 22 20 21 15 23 16 21 22 23
 14 19 19 20 18 16  0 21  3 21 24 24  8 19 21 22  6 24 24  7 21 11 22 19
 21 11 11 15]",GA,300,1.0,300,1.0
268,32,44878.0,9.888959703000182,"[23 22 17 23 24  3 22 12  4  5 16 24 23  5 22  4 14 15 23 18 20 21 24  4
 23 24 22 18 22 18 21  4 23 24 15 24 23 21 16 15 13 13 18 24 16 10 14  5
  8  3 20 24 18  2  8 23 15 22 18  9 10 11 20 24 15 21 24 19 24 23 16 22
 16 24 23 17 13 22  9 10  5 22  2 23 14 21 24 20 23 24  5  2 20 24 16 21
 19  3  9 15]",GA,300,1.0,300,1.0
269,64,48036.0,19.450506879000386,"[23 18 17 23 24  7  0 24  4  7  2 21 14  5 22 23  9 23 23 23 24  4 21 23
 24 24 24 13 22  4 21  6 23 21  5 24 23 21 21 17 24 21 19 24  6 13 23  5
  2  3 20 24 24  2  6 23 16 20 21  5  6  2 21 24 24 10 24 12 22 21 23 22
 21 24 14  8 13 18  0 10 19 21 15 12 17 21 24 22 21 24 23  0 22 24 24 21
 23  3 16 24]",GA,300,1.0,300,1.0
270,128,50119.0,40.226510710000184,"[23 18 21 23 24 18  0 24  4  3  2 24 23  0 22 23  4 23 23 23 24 21 22 24
 24 24 24 18 22  4 21  6 24 23  4 24 24 22 21 17 24 21 14 24  6 16 23  5
  3  0 21 24 16  1  6 20  2 19 21  3  0  2 22 24 24 22 24 23 22 24 23 22
 21 24 23  1 22 22  0 10 21 24  0 24 21 24 24 23 23 23 24  0 22 24 24 24
 23  2  9 24]",GA,300,1.0,300,1.0
271,256,50432.0,84.36219820899987,"[23 19 21 23 24 18  0 24  0  3  2 24 23  0 22 23  3 23 24 23 24 21 22 24
 24 24 24 19 22  4 21  4 24 23  4 24 24 22 21 17 24 21 19 24  6 16 23  5
  2  0 21 24 24  1  4 23  2 19 21  3  0  2 22 24 24 22 24 23 23 24 23 23
 21 24 23  1 22 22  0 10 21 24  0 24 21 24 24 23 23 24 24  0 22 24 24 24
 23  2  0 24]",GA,300,1.0,300,1.0
272,512,50432.0,161.30287005300033,"[23 19 21 23 24 18  0 24  0  3  2 24 23  0 22 23  3 23 24 23 24 21 22 24
 24 24 24 19 22  4 21  4 24 23  4 24 24 22 21 17 24 21 19 24  6 16 23  5
  2  0 21 24 24  1  4 23  2 19 21  3  0  2 22 24 24 22 24 23 23 24 23 23
 21 24 23  1 22 22  0 10 21 24  0 24 21 24 24 23 23 24 24  0 22 24 24 24
 23  2  0 24]",GA,300,1.0,300,1.0
273,1024,50432.0,314.189882828,"[23 19 21 23 24 18  0 24  0  3  2 24 23  0 22 23  3 23 24 23 24 21 22 24
 24 24 24 19 22  4 21  4 24 23  4 24 24 22 21 17 24 21 19 24  6 16 23  5
  2  0 21 24 24  1  4 23  2 19 21  3  0  2 22 24 24 22 24 23 23 24 23 23
 21 24 23  1 22 22  0 10 21 24  0 24 21 24 24 23 23 24 24  0 22 24 24 24
 23  2  0 24]",GA,300,1.0,300,1.0
274,2048,50432.0,362.739330116,"[23 19 21 23 24 18  0 24  0  3  2 24 23  0 22 23  3 23 24 23 24 21 22 24
 24 24 24 19 22  4 21  4 24 23  4 24 24 22 21 17 24 21 19 24  6 16 23  5
  2  0 21 24 24  1  4 23  2 19 21  3  0  2 22 24 24 22 24 23 23 24 23 23
 21 24 23  1 22 22  0 10 21 24  0 24 21 24 24 23 23 24 24  0 22 24 24 24
 23  2  0 24]",GA,300,1.0,300,1.0
