,Iterations,Fitness,Time,State,runner_name,schedule,Temperature
0,1,37791.0,0.0015658550000807736,"[14  7 16  2 10 14 24 10 22 21 23 16 11  8 10  4 19  7  2  0 18 14 20 20
 18  2 10 11 20 17 16 17 17 11  0 17 14 21 19  9 12 16 19  8 23 18 24  0
  5 12 21 22  7 17 12  0 19 13 20 20 18 19 24 17  2 21 19 13  4 21 12  1
 23 23  2 17  9 22  3 18  8 21 19  6 17 13 24  8 23  7  4  0  5 23 16 12
 22  7  5 21]",SA,1,1
1,2,37959.0,0.01264893999996275,"[14  7 16  2 10 14 24 10 22 21 23 16 11  8 10  4 19 19  2  0 18 14 20 20
 18  2 10 11 20 17 16 17 17 11  0 17 14 21 19  9 12 16 19  8 23 18 24  0
  5 12 21 22  7 17 12  0 19 13 20 20 18 19 24 17  2 21 19 13  4 21 12  1
 23 23  2 17  9 22  3 18  8 21 19  6 17 13 24  8 23  7  4  0  5 23 16 12
 22  7  5 21]",SA,1,1
2,4,38694.0,0.022639642000058302,"[14  7 16  2 10 14 24 10 22 21 23 16 11  8 10  4 19 19  2  0 18 14 20 20
 18  2 10 11 20 17 16 17 17 11  0 17 14 21 19  9 12 16 19  8 23 18 24  0
  5 12 21 22  7 17 12  0 19 13 20 20 18 19 24 17  2 21 19 13  4 21 12  1
 23 23  2 17  9 22  3 18  8 21 19  6 17 13 24  8 23  7 19  0  5 23 16 12
 22  7  5 21]",SA,1,1
3,8,38740.0,0.03555720700001075,"[14  7 16  2 10 14 24 10 22 21 23 16 11  8 10  4 19 19  2  0 18 14 20 20
 18  2 10 11 20 17 16 17 17 11  0 17 14 21 19  9 12 16 19  8 23 18 24  0
  5 12 21 22  7 17 12  0 19 13 20 20 18 19 24 17  2 21 19 13  4 22 12  1
 23 23  2 17  9 22  3 18  8 21 19  6 17 13 24  8 23  7 19  0  5 23 16 12
 22  7  5 21]",SA,1,1
4,16,39117.0,0.052033673000096314,"[14  7 16  2 10 14 24 10 22 21 23 16 11  8 10  4 19 19 21  0 18 14 20 20
 18  2 10 11 20 17 16 17 17 11  0 17 14 21 19  9 21 16 19  8 23 18 24  0
  5 12 21 22  7 17 12  0 19 13 20 20 18 19 24 17  2 21 19 13  4 22 12  1
 23 23  2 17  9 22  3 18  8 21 19  6 17 13 24  8 23  7 20  0  5 23 16 12
 22  7  5 21]",SA,1,1
5,32,40992.0,0.07006027200009157,"[14  7 16  2 10 14 24 10 22 21 23 19 11  8 10  4 19 19 21  2 18 14 20 20
 18 19 10 11 20 17 16 17 17 16  0 17 14 21 19  9 21 16 19  8 23 18 24  0
 22 12 21 22  7 17 12  0 19 13 20 20 18 19 24 17  2 21 19 13  4 22 12  1
 23 23  2 17  9 22  3 18  8 21 19  6 17 13 24  8 23  7 20  0  5 23 16 12
 22  7  5 21]",SA,1,1
6,64,41053.0,0.10119900400013648,"[14  7 16  2 10 14 24 10 22 21 23 19 11  8 10  4 19 19 21  2 18 14 20 20
 18 19 10 11 20 17 16 17 17 16  0 17 14 21 19  9 21 16 19  8 24 18 24  0
 22 12 21 22  7 17 12  0 19 13 20 20 18 19 24 17  2 21 19 13  4 22 12  1
 23 23  2 17  9 22  3 18  8 21 19  6 17 13 24  8 24  7 20  0  5 23 16 12
 22  7  5 21]",SA,1,1
7,128,41053.0,0.15774154500013537,"[14  7 16  2 10 14 24 10 22 21 23 19 11  8 10  4 19 19 21  2 18 14 20 20
 18 19 10 11 20 17 16 17 17 16  0 17 14 21 19  9 21 16 19  8 24 18 24  0
 22 12 21 22  7 17 12  0 19 13 20 20 18 19 24 17  2 21 19 13  4 22 12  1
 23 23  2 17  9 22  3 18  8 21 19  6 17 13 24  8 24  7 20  0  5 23 16 12
 22  7  5 21]",SA,1,1
8,256,41053.0,0.27213883900003566,"[14  7 16  2 10 14 24 10 22 21 23 19 11  8 10  4 19 19 21  2 18 14 20 20
 18 19 10 11 20 17 16 17 17 16  0 17 14 21 19  9 21 16 19  8 24 18 24  0
 22 12 21 22  7 17 12  0 19 13 20 20 18 19 24 17  2 21 19 13  4 22 12  1
 23 23  2 17  9 22  3 18  8 21 19  6 17 13 24  8 24  7 20  0  5 23 16 12
 22  7  5 21]",SA,1,1
9,512,41067.0,0.4720096640000975,"[14  7 16  2 10 14 24 10 22 21 23 19 11  8 10  4 19 20 21  2 18 14 20 20
 18 19 10 11 20 17 16 17 17 16  0 17 14 21 19  9 21 16 19  8 24 18 24  0
 22 12 21 22  7 17 12  0 19 13 20 20 18 19 24 17  2 21 19 13  4 22 12  1
 23 23  2 17  9 22  3 18  8 21 19  6 17 13 24  8 24  7 20  0  5 23 16 12
 22  7  5 21]",SA,1,1
10,1024,41202.0,0.9294074340000407,"[14  7 16  2 13 14 24 10 22 21 23 19 11  8 10  4 19 20 21  2 18 14 20 20
 18 19 10 11 20 17 16 17 17 16  0 17 14 21 19  9 21 16 19  8 24 18 24  0
 22 12 21 22  7 17 12  0 19 13 20 20 18 19 24 17  2 21 19 13  4 22 12  1
 23 23  2 17  9 22  3 18  8 21 19  6 17 13 24  8 24  7 20  0  5 23 16 12
 22  7  5 21]",SA,1,1
11,2048,41247.0,1.7317066590001104,"[14  7 16  2 14 14 24 10 22 21 23 19 11  8 10  4 19 20 21  2 18 14 20 20
 18 19 10 11 20 17 16 17 17 16  0 17 14 21 19  9 21 16 19  8 24 18 24  0
 22 12 21 22  7 17 12  0 19 13 20 20 18 19 24 17  2 21 19 13  4 22 12  1
 23 23  2 17  9 22  3 18  8 21 19  6 17 13 24  8 24  7 20  0  5 23 16 12
 22  7  5 21]",SA,1,1
12,1,35406.0,0.0014573600001313025,"[ 2 12  7  0 23 12 22 16  4 17  0 20  4  2 17  3 13  8  1 24 23 22 19  1
 24 11 10 24  1 20 22 12 12 15  6 21 21 18 20  0  2 21  7 21 17 21  6 23
 18 10  9  7 22  9 22 18  4 17 15 14 22  1  2 24 12 17  1  5 12  2 21 11
 23 12 14 24 16 18 13 14  0 22 14 11 12  7 19  0  4 10 13  1 11 22 12 16
 14  4 21  5]",SA,10,10
13,2,35406.0,0.01001962000009371,"[ 2 12  7  0 23 12 22 16  4 17  0 20  4  2 17  3 13  8  1 24 23 22 19  1
 24 11 10 24  1 20 22 12 12 15  6 21 21 18 20  0  2 21  7 21 17 21  6 23
 18 10  9  7 22  9 22 18  4 17 15 14 22  1  2 24 12 17  1  5 12  2 21 11
 23 12 14 24 16 18 13 14  0 22 14 11 12  7 19  0  4 10 13  1 11 22 12 16
 14  4 21  5]",SA,10,10
14,4,35406.0,0.02274735400010286,"[ 2 12  7  0 23 12 22 16  4 17  0 20  4  2 17  3 13  8  1 24 23 22 19  1
 24 11 10 24  1 20 22 12 12 15  6 21 21 18 20  0  2 21  7 21 17 21  6 23
 18 10  9  7 22  9 22 18  4 17 15 14 22  1  2 24 12 17  1  5 12  2 21 11
 23 12 14 24 16 18 13 14  0 22 14 11 12  7 19  0  4 10 13  1 11 22 12 16
 14  4 21  5]",SA,10,10
15,8,36221.0,0.034047149000116406,"[ 2 12  7  0 23 12 22 16  4 17  0 20  4  2 17  3 13  8  1 24 23 22 19  1
 24 11 10 24  1 20 22 12 12 15  6 21 21 18 20  0  2 21  7 21 17 21  6 23
 18 10  9  7 22  9 22 18  4 17 15 14 22  1  2 24 12 17  1 23 12  2 21 11
 23 12 14 24 16 18 13 14  0 22 14 11 12  7 19  0 15 10 13  1 11 22 12 17
 14  4 21  5]",SA,10,10
16,16,38163.0,0.05271554799992373,"[ 2 21  7  0 23 12 22 16  4 17  0 20  4 14 17  3 13  8  1 24 23 22 19 20
 24 11 18 24  1 20 22 12 12 15  6 21 21 18 20 18  2 21  7 21 17 21  6 23
 18 10  9  7 22  9 22 18  4 17 15 14 22  1  2 24 12 17  1 23 12  2 21 11
 23 12 14 24 16 18 13 22  0 22 14 11 12  7 19  0 15 10 13  1 11 22 12 17
 14  4 21  5]",SA,10,10
17,32,40013.0,0.07870496500004265,"[ 2 21 18  0 23 12 22 16  4 17  0 20  4 14 17  3 13  8  1 24 23 22 19 20
 24 11 18 24  1 20 22 12 17 15  6 21 21 18 20 18 16 21  7 21 17 21  6 23
 18 13  9  7 22  9 22 18 13 17 15 14 22  1  6 24 18 17  1 23 12  2 21 11
 23 12 14 24 16 18 13 22  7 22 14 11 12  7 19  0 15 10 23  1 11 22 12 17
 14  4 21  5]",SA,10,10
18,64,42670.0,0.12205852100009906,"[ 2 21 18  1 23 12 22 16 24 17  0 20  4 14 23  3 13  8 14 24 23 22 19 20
 24 11 18 24  1 20 22 12 17 15  6 21 21 18 20 18 16 21  7 21 17 21  6 23
 18 23  9  7 22  9 22 18 13 17 15 14 22  1  6 24 18 17  1 23 12 15 21 11
 23 12 14 24 18 18 13 22 22 22 14 11 12  7 19  0 15 10 23  1 11 22 12 18
 14  4 21  5]",SA,10,10
19,128,43343.0,0.1898440780000783,"[12 21 18  1 23 12 22 16 24 17  0 20  4 14 23  3 13  8 14 24 23 22 19 20
 24 11 18 24  1 20 22 12 17 15  6 21 21 18 20 18 16 21  7 23 17 21  6 23
 18 20  9  7 22  9 22 18 13 17 15 14 22  9  6 24 18 17  1 23 12 15 21 11
 23 12 14 24 18 18 13 22 22 22 14 11 12  7 19  0 15 10 23  1 11 22 12 18
 14  4 21  5]",SA,10,10
20,256,43371.0,0.31149946899995484,"[12 21 18  1 23 12 22 16 24 17  0 20  4 14 23  3 13  8 14 24 23 22 19 20
 24 11 18 24  1 20 22 12 17 15  6 21 23 18 20 18 16 21  7 23 17 21  6 23
 18 20  9  7 22  9 22 18 13 17 15 14 22  9  6 24 18 17  1 23 12 15 21 11
 23 12 14 24 18 18 13 22 22 22 14 11 12  7 19  0 15 10 23  1 11 22 12 18
 14  4 21  5]",SA,10,10
21,512,43371.0,0.5657796939999571,"[12 21 18  1 23 12 22 16 24 17  0 20  4 14 23  3 13  8 14 24 23 22 19 20
 24 11 18 24  1 20 22 12 17 15  6 21 23 18 20 18 16 21  7 23 17 21  6 23
 18 20  9  7 22  9 22 18 13 17 15 14 22  9  6 24 18 17  1 23 12 15 21 11
 23 12 14 24 18 18 13 22 22 22 14 11 12  7 19  0 15 10 23  1 11 22 12 18
 14  4 21  5]",SA,10,10
22,1024,43371.0,0.6842760730000919,"[12 21 18  1 23 12 22 16 24 17  0 20  4 14 23  3 13  8 14 24 23 22 19 20
 24 11 18 24  1 20 22 12 17 15  6 21 23 18 20 18 16 21  7 23 17 21  6 23
 18 20  9  7 22  9 22 18 13 17 15 14 22  9  6 24 18 17  1 23 12 15 21 11
 23 12 14 24 18 18 13 22 22 22 14 11 12  7 19  0 15 10 23  1 11 22 12 18
 14  4 21  5]",SA,10,10
23,2048,43371.0,0.6842760730000919,"[12 21 18  1 23 12 22 16 24 17  0 20  4 14 23  3 13  8 14 24 23 22 19 20
 24 11 18 24  1 20 22 12 17 15  6 21 23 18 20 18 16 21  7 23 17 21  6 23
 18 20  9  7 22  9 22 18 13 17 15 14 22  9  6 24 18 17  1 23 12 15 21 11
 23 12 14 24 18 18 13 22 22 22 14 11 12  7 19  0 15 10 23  1 11 22 12 18
 14  4 21  5]",SA,10,10
24,1,32966.0,0.0022273319998475927,"[ 4  2 20 20 22 20 18  0 22 13  0 10  4 17 15 16  8  3 20 19  2 19 12 11
 16  1  7 12 16  8  9 23  2  0 17 18 11 11 11  7  1 19  9 12 18  6  3  7
  9 17 16  8  6 17 17 21 12 10 11  8 20 19 10  3  7 12 23 23 19  8 15 16
 11 19  4 23 11  1  1  6 19  8  0 23  5 17 14 19 15  9  0  3  4 20  0 24
  5  1 21  4]",SA,50,50
25,2,32966.0,0.01293326499990144,"[ 4  2 20 20 22 20 18  0 22 13  0 10  4 17 15 16  8  3 20 19  2 19 12 11
 16  1  7 12 16  8  9 23  2  0 17 18 11 11 11  7  1 19  9 12 18  6  3  7
  9 17 16  8  6 17 17 21 12 10 11  8 20 19 10  3  7 12 23 23 19  8 15 16
 11 19  4 23 11  1  1  6 19  8  0 23  5 17 14 19 15  9  0  3  4 20  0 24
  5  1 21  4]",SA,50,50
26,4,32917.0,0.020328847999962818,"[ 4  2 20 20 22 20 18  0 22 13  0 10  4 17 15 16  8  3 20 19  2 19 12 11
 16  1  7 12 16  8  9 23  2  0 17 18 11 11 11  7  1 19  9 12 18  6  3  7
  9 17 16  8  6 17 17 22 10 10 11  8 20 19 10  3  7 12 23 23 19  8 15 16
 11 19  4 23 11  1  1  6 19  8  0 23  5 17 14 19 15  9  0  3  4 20  0 24
  5  1 21  4]",SA,50,50
27,8,32987.0,0.02748986100004913,"[ 4  2 20 20 22 20 18  0 22 13  0 16  4 17 15 16  8  2 20 19  2 19 12 11
 16  1  7 12 16  8  9 23  2  0 17 18 11 11 11  7  1 19  9 12 18  6  3  7
  9 17 16  8  6 17 17 22 10 10 11  8 20 19 10  3  7 12 23 23 19  8 15 16
 11 19  4 23 11  1  1  6 19  8  0 23  5 17 14 19 15  9  0  3  4 20  0 24
  5  1 21  4]",SA,50,50
28,16,33875.0,0.03695999799992933,"[ 4  2 20 20 22 20 18  0 22 13  0 16  4 17 15 16  8  2 20 19  2 19 12 11
 16  1  7 12 16  8  9 23  2  0 21 18 11 11 11  7  1 19  9 12 18  6  3  7
  9 17 16  8  6 17 17 22 14 10 11  8 20 19 10  3 21 12 23 23 19  8 15 16
 11 19  4 23 11  1  1  6 19  8  0 23  5 17 14 19 15  9  0  3  4 20  0 24
  5  1 21  4]",SA,50,50
29,32,34841.0,0.06552584699988984,"[ 4  2 20 20 21 20 18  0 22 13  0 22  4 17 15 16  8  2 20 19 19 19 12 11
 16  1  7 12 16  8  9 23  2  0 21 18 11 11 11  7  1 19  9 12 18  6  3  7
  9 17 16  8  6 17 17 22 14 10 17  8 20 19 10  3 21 12 23 23 19  8 15 16
 11 19  4 23 11  1  3  6 19  8  0 23  5 17 14 19 19 19  0  3  4 20  0 24
  5  1 21 15]",SA,50,50
30,64,37386.0,0.1073379299998578,"[ 4  2 20 20 21 21 18  0 22 13  0 22  4 17 24 16  8  2 20 19 19 19 12 11
 16  1  7 12 16  8  9 23 16  0 21 18 11 11 11  7  1 19  9 12 18  6  3  7
  9 17 24  8  6 17 17 22 14 23 17 20 20 19 10  3 24 12 23 23 21  8 15 16
 11 19 17 23 18  1  3  6 19 14 12 23  5 17 13 19 19 19  0  3  4 20  0 24
  5  1 21 15]",SA,50,50
31,128,41994.0,0.17431261599995196,"[15  2 20 20 21 21 18  8 24 13  0 22 15 17 24 16  8  2 20 19 19 19 12 11
 16 22 13 12 16 12 21 23 16  0 24 18 11 16 11  7  1 19 11 12 18  6  6  7
 16 17 15  8  6 17 17 22 14 23 17 20 20 19 10 11 24 12 23 23 21  8 15 16
 11 21 17 23 24  1  3  6 19 14 12 23  5 17 13 19 19 19 23 11 20 20 15 24
  5  1 21  1]",SA,50,50
32,256,42466.0,0.3025168669998948,"[15  2 20 20 21 21 18  8 24 13  0 22 18 17 24 16  8  2 20 19 19 19 12 11
 16 22 13 12 16 12 21 23 20  5 24 18 13 16 11  7  1 19 11 13 18  6  6  7
 16 17 15  8  6 17 17 22 14 23 17 20 20 20 10 11 24 12 23 23 21  8 15 16
 11 21 17 23 24  1  3  6 19 14 12 23  5 17 13 19 19 19 23 11 21 20 15 24
  5  1 21  1]",SA,50,50
33,512,42466.0,0.5193393949998608,"[15  2 20 20 21 21 18  8 24 13  0 22 18 17 24 16  8  2 20 19 19 19 12 11
 16 22 13 12 16 12 21 23 20  5 24 18 13 16 11  7  1 19 11 13 18  6  6  7
 16 17 15  8  6 17 17 22 14 23 17 20 20 20 10 11 24 12 23 23 21  8 15 16
 11 21 17 23 24  1  3  6 19 14 12 23  5 17 13 19 19 19 23 11 21 20 15 24
  5  1 21  1]",SA,50,50
34,1024,42466.0,0.6623808140000165,"[15  2 20 20 21 21 18  8 24 13  0 22 18 17 24 16  8  2 20 19 19 19 12 11
 16 22 13 12 16 12 21 23 20  5 24 18 13 16 11  7  1 19 11 13 18  6  6  7
 16 17 15  8  6 17 17 22 14 23 17 20 20 20 10 11 24 12 23 23 21  8 15 16
 11 21 17 23 24  1  3  6 19 14 12 23  5 17 13 19 19 19 23 11 21 20 15 24
  5  1 21  1]",SA,50,50
35,2048,42466.0,0.6623808140000165,"[15  2 20 20 21 21 18  8 24 13  0 22 18 17 24 16  8  2 20 19 19 19 12 11
 16 22 13 12 16 12 21 23 20  5 24 18 13 16 11  7  1 19 11 13 18  6  6  7
 16 17 15  8  6 17 17 22 14 23 17 20 20 20 10 11 24 12 23 23 21  8 15 16
 11 21 17 23 24  1  3  6 19 14 12 23  5 17 13 19 19 19 23 11 21 20 15 24
  5  1 21  1]",SA,50,50
36,1,33278.0,0.0010274940000272181,"[13 23  4 22 19 24 16 24  9 11  2 15 16  0 15 24  0 18  5  3 17  2 15  3
  2  0 22 13 16  7 22 19  0 10 12 13 13 13 14 12  3 18  4 17  6 20 20  9
 16 17  7 15 13 23 13 14  8 13 19  6 17 20 13 15  5  0  6 21 21  4 17  3
  3  7  3 15 19  4 13 18  4  8  8 24 20  0 17 10 11 12  7  0 19 16 22 22
  2 13 24 10]",SA,100,100
37,2,33943.0,0.0071235950001664605,"[13 23  4 22 19 24 16 24  9 11  2 15 16  0 15 24  0 18  5  3 17  2 15  3
  2  0 22 13 16  7 22 19 19 10 12 13 13 13 14 12  3 18  4 17  6 20 20  9
 16 17  7 15 13 23 13 14  8 13 19  6 17 20 13 15  5  0  6 21 21  4 17  3
  3  7  3 15 19  4 13 18  4  8  8 24 20  0 17 10 11 12  7  0 19 16 22 22
  2 13 24 10]",SA,100,100
38,4,33904.0,0.01409674299998187,"[13 23  4 22 19 24 16 24  9 11  2 15  3  0 15 24  0 18  5  3 17  2 15  3
  2  0 22 13 16  7 22 19 19 10 12 13 13 13 14 12  3 18  4 17  6 20 20  9
 16 17  7 15 13 23 13 14  8 13 19  6 17 20 13 15  5  0  6 21 21  4 17  3
  3  7  3 15 19  4 13 18  4  8  8 24 20  0 17 10 11 12  7  0 19 16 22 22
  2 13 24 10]",SA,100,100
39,8,34114.0,0.025340157000073305,"[13 23  4 22 19 24 16 24  9 11  2 15  3  0 15 24  0 18  5  3 17  2 15  3
  2  0 22 13 16  7 22 19 19 15 12 13 13 13 14 12  3 18  4 17  6 20 20  9
 16 17  7 15 13 23 13 14  8 13 19  6 17 20 13 15  5  0  6 21 21  4 17  3
  3  7  3 15 19  4 13 18  4  8  8 24 20  0 17 10 11 12  7  0 19 16 22 22
  2 13 24 10]",SA,100,100
40,16,34933.0,0.04210373199998685,"[13 23  4 22 19 24 16 24 20 11  2 15 14  0 15 24  0 18  5  3 17  2 19  3
  2  0 22 13 16  7 22 16 19 15 12 13 21 13 14 12  3 18  4 17  6 20 20  9
 16 17 24 15 13 23 13 14  8 13 19  6 17 20 13 15  5  0 16 21 21  4 17  3
  3  7  3 15 19  4 13 18  4  8  8 24 20  0 17 10 11 12  7  0 19 16 22 22
  2 13 24 10]",SA,100,100
41,32,36526.0,0.06465365799999745,"[13 23  4 22 19 24 16 24 20 11  2 15 14  0 15 24  0 18  5  3 17  2 24  3
  2  0 22 13 16  7 22 16 19 15 12 13 21 13 14 12  3 18  4 17  6 20 20 18
 16  6 24 15 13 23 13 14  8 13 19 14 17 20 13 15 23  0 16 21 21  4 17  3
  3  7  3 23 19  4 13 18  4  8  8 24 20  0 17 10 11 12  7  0 19 16 22 22
  2 13 22 10]",SA,100,100
42,64,39637.0,0.09566692800012788,"[18 23  4 22 19 24 16 24 20 11  2 15 14  0 15 24  0 18  5 21 17  2 24  3
  7 10 22 17 16  7 22 16 19 15 12 13 21 13 14 12  3 18  4 17  6 20 20 18
 16 10 24 15 13 23 13 14  8 14 24 14 17 20 18 21 23  0 16 21 21  4 17  3
  3  7  3 23 19  4  3 18  4 20  8 24 20  0 17 16 11 12  7 23 19 16 22 22
 16 13 22 10]",SA,100,100
43,128,41925.0,0.15358001300000979,"[18 23 19 22 19 24 16 24 20 11  2 15 14  0 15 24  0 18  5 21 17  2 24  3
  7 10 22 21 16  7 22 16 19 15 12 19 21 13 14 12  3 18 12 17  6 20 20 18
 23 10 24 15 11 23 13 14  8 14 24 14 17 20 18 21 23  2 16 21 21  4 17  3
 11 13 12 23 21  4  0 18  4 23  8 24 20  2 17 16 11 12  7 23 24 16 22 22
 16 22 22 10]",SA,100,100
44,256,42483.0,0.2803208850000374,"[18 23 19 21 19 24 16 24 20 11  2 15 14  0 15 24  0 20  5 21 17  2 24  3
  7 10 22 21 18 20 22 16 19 15 12 19 21 13 14 12  3 18 14 17  6 20 20 18
 23  9 24 15 11 23 13 14  8 14 24 14 17 20 18 21 23  2 16 21 21  4 17  4
 11 14 12 23 21  4  0 18  4 23  8 24 20  2 17 16 11 12  7 23 24 16 22 22
 16 22 22 10]",SA,100,100
45,512,42500.0,0.4935047569999824,"[18 23 19 21 19 24 16 24 20 11  2 15 14  0 15 24  0 20  5 21 17  2 24  3
  7 10 22 21 18 20 22 16 19 15 12 19 21 13 14 12  3 18 14 17  6 20 20 19
 23  9 24 15 11 23 13 14  8 14 24 14 17 20 18 21 23  2 16 21 21  4 17  4
 11 14 12 23 21  4  0 18  4 23  8 24 20  2 17 16 11 12  7 23 24 16 22 22
 16 22 22 10]",SA,100,100
46,1024,42500.0,0.7948716610001156,"[18 23 19 21 19 24 16 24 20 11  2 15 14  0 15 24  0 20  5 21 17  2 24  3
  7 10 22 21 18 20 22 16 19 15 12 19 21 13 14 12  3 18 14 17  6 20 20 19
 23  9 24 15 11 23 13 14  8 14 24 14 17 20 18 21 23  2 16 21 21  4 17  4
 11 14 12 23 21  4  0 18  4 23  8 24 20  2 17 16 11 12  7 23 24 16 22 22
 16 22 22 10]",SA,100,100
47,2048,42500.0,0.7948716610001156,"[18 23 19 21 19 24 16 24 20 11  2 15 14  0 15 24  0 20  5 21 17  2 24  3
  7 10 22 21 18 20 22 16 19 15 12 19 21 13 14 12  3 18 14 17  6 20 20 19
 23  9 24 15 11 23 13 14  8 14 24 14 17 20 18 21 23  2 16 21 21  4 17  4
 11 14 12 23 21  4  0 18  4 23  8 24 20  2 17 16 11 12  7 23 24 16 22 22
 16 22 22 10]",SA,100,100
48,1,36599.0,0.0014772419999644626,"[19 23  9 15 23  1 22 23 16 17 19 13 23 21  2 15 19  1  6 13  3  5 22  1
 22  0  2  1 16 24  6 19 14 23 20 14 22 24 21  4  3 15  1  0 21 19 24  2
 23 24  9  4 13  8  8 13 24 21  1  8 19  0  3  1 15 16 19  4 22 23  3 14
  6 19 22 23 16 24 12 24  5 17 23  2 21  4 14 19  6  1 10  0 18 23 21 12
  0 18 15 17]",SA,250,250
49,2,37299.0,0.012000120000038805,"[19 23  9 15 23  1 22 23 16 17 19 13 23 21  2 15 19  1  6 13  3  5 22  1
 22  0  2  1 16 24  6 19 14 23 20 14 22 24 21  4  3 15  1  0 21 19 24  2
 23 24  9  4 13  8  8 13 24 21  1  8 19  0  3  1 15 16 19 24 22 23  3 14
  6 19 22 23 16 24 12 24  5 17 23  2 21  4 14 19  6  1 10  0 18 23 21 12
  0 18 15 17]",SA,250,250
50,4,37395.0,0.02162660599992705,"[19 23  9 15 23  1 22 23 16 17 19 13 23 21  2 15 19  1  6 13  3  5 22  1
 22  0  2  1 16 24  6 19 14 23 20 14 22 24 21  4  3 15  1  0 21 19 24  2
 23 24  9  4 13  8  8 13 24 21  1  8 19  0  3  1 15 16 19 24 22 23  3 14
  6 19 22 23 16 24 12 24  5 17 23  4 21  4 14 19  6  1 10  0 18 23 21 12
  0 18 15 17]",SA,250,250
51,8,38096.0,0.03087301400000797,"[19 23  9 15 23  1 22 23 16 17 19 13 23 21  2 15 19  1  6 13  3  5 22  1
 22  0  2  1 16 24  6 19 14 23 20 14 22 24 21  4  3 15  1 24 21 19 24  2
 23  7  9  4 13  8  8 13 24 21  1  8 19  0  3  1 15 16 19 24 22 23  3 14
  6 19 22 23 16 24 12 24  5 17 23  4 21  4 14 19  6  1 10  0 20 23 21 12
  0 18 15 17]",SA,250,250
52,16,39288.0,0.04558876299984149,"[19 23  9 15 23  1 22 23 16 17 19 13 23 21  2 15 19  1  6 21  3  5 22  1
 22  0  2  1 16 24  6 19 14 23 20 14 22 24 21  4  3 15  1 24 21 19 24  2
 23  7  9  4 13 19  8 13 24 21  1  8 19  0  3  1 15 16 19 24 22 23  3 14
  6 19 22 23 16 24 12 24  5 17 23 13 21  4 14 19  6  1 10  0 20 23 21 12
  0 18 15 21]",SA,250,250
53,32,39265.0,0.06647977199986599,"[19 23  9 15 23  1 22 23 16 17 19 13 23 21  2 15 19  1  6 21  5  5 22  1
 22  0  2  1 16 24  7 15 14 23 20 14 18 24 21  4  3 15  1 22 21 19 24  2
 23  7  9  0 13 19 23 13 24 21  1  8 19  3  3  1 15 16 19 24 22 23  3 14
  6 19 22 23 17 24 12 24  5 17 23 13 21  4 14 19  6  1 10  0 20 23 21 12
  0 18 15 21]",SA,250,250
54,64,41276.0,0.10543929000004937,"[19 23  9 15 23  1 19 23 16 17 19 13 23 19 23 15 19  1  6 21  5  5 22  1
 22  0  2  1 16 24  7 15 14 23 20 14 18 12 21  2 19 15  1 20 21 19 24  2
 23  7 12  0 13 18 19 13 24 21 21 21 19  3  3  1 15 17 19 24 22 23  3 23
 16 19 22 23 17 24 12 24  5 15 23 13 21  4 14 19  6  1 10  0 20 23 21 12
  0 18 15 21]",SA,250,250
55,128,43876.0,0.1818856129998494,"[19 21 11 15 23  1 23 23 16 17 18 13 23 19 23 22 23  1  6 22  5  5 22 16
 22 12 19  3 15 24  5 15 14 23 20 14 18 12 21  2 13 15  7 24 21 19 24  2
 23  7  9  0 13 18 19 13 22 21 21 21 19  3  9  1 15 17  9 24 22 23  3 23
 16 19 22 23 17 24 12 24  5 15 23 23 24  4 14 19  7  1 10  0 20 23 21 19
  0 18 15 14]",SA,250,250
56,256,45423.0,0.31468089300005886,"[19 21 10 15 23  2 23 23 17 17 18 13  6 19 22 22 23  2  6 22  5  1 22 16
 22 12 19  3 15 24  5 15 12 23 20 14 10  9 21  2 13 15  7 24 21 19 24  9
 23  7  9  0 16 18 19 13 21 21 21 21 19 21  9  1 15 17  9 24 21 23  2 23
 16 24 23 23 17 24 12 24  5 24 23 23 24  4 14 19  7  1 15  0 20 23 21 16
  1 18 18 14]",SA,250,250
57,512,46551.0,0.5443943699999636,"[19 21 10 15 23 13 23 23 16 17 19 13  5 21 22 22 23 11  5 24  5  1 22 16
 22 12 19  3 15 24  5 19 12 23 20 14 10  9 21  2 13 15  8 24 21 19 24  9
 23  7  9  0 16 18 18 13 21 21 21 21 19 21  9  1 15 17  9 24 21 23  2 23
 16 24 23 23 17 24 12 24 11 24 19 23 24  4 14 19 11  1 15  0 20 23 21 16
  1 18 18 14]",SA,250,250
58,1024,46601.0,1.0032013989998632,"[19 21 10 15 23 13 23 23 16 17 19 13  5 21 22 22 23 11  5 24  5  1 22 16
 22 12 19  3 15 24  5 19 12 23 20 14 10  9 21  2 13 15  8 24 21 19 24  9
 23  7  9  0 16 18 18 13 21 21 21 21 19 22  9  1 15 17  9 24 21 23  2 23
 16 24 23 23 17 24 12 24 11 24 19 23 24  4 14 19 11  1 15  0 20 23 21 16
  1 18 18 14]",SA,250,250
59,2048,46601.0,1.2859374919999027,"[19 21 10 15 23 13 23 23 16 17 19 13  5 21 22 22 23 11  5 24  5  1 22 16
 22 12 19  3 15 24  5 19 12 23 20 14 10  9 21  2 13 15  8 24 21 19 24  9
 23  7  9  0 16 18 18 13 21 21 21 21 19 22  9  1 15 17  9 24 21 23  2 23
 16 24 23 23 17 24 12 24 11 24 19 23 24  4 14 19 11  1 15  0 20 23 21 16
  1 18 18 14]",SA,250,250
60,1,34193.0,0.0011505159998250747,"[ 7 12 23  6 19  5 14  7  5  1 17  3  5 11 15 16 23 21 20  2  2 14 17 20
 23  6 24  1 11  6  5 16  2 11 11 15 15 11  3 22 18 16 17 10  5 22 12 23
  0  9 12 11 20 23  8 23 14 22  2 22 15 21 13 16 12 22 15  4  9  7 20 23
 20  2 22  5 12 24 12  5  6 19  2 24  9 24  0  5  5 16 10  6  1  6 23 20
 19 20 24 22]",SA,500,500
61,2,34307.0,0.01017779599987989,"[ 7 12 23  6 19  5 14  7  5  1 17  3  5 11 15 16 23 21 20  2  2 14 17 20
 23  6 24  1 11  6  5 19  2 11 11 15 15 11  3 22 18 16 17 10  5 22 12 23
  0  9 12 11 20 23  8 23 14 22  2 22 15 21 13 16 12 22 15  4  9  7 20 23
 20  2 22  5 12 24 12  5  6 19  2 24  9 24  0  5  5 16 10  6  1  6 23 20
 19 20 24 22]",SA,500,500
62,4,34165.0,0.01966065599981448,"[ 7 12 23  6 19  5 14  7  5  1 17  3  5 11 15 16 23 16 20  2  2 14 17 20
 23  6 24  1 11  6  5 19  2 11 11 15 15 11  3 22 10 16 17 10  5 22 12 23
  0  9 12 11 20 23  8 23 14 22  2 22 15 21 13 16 12 22 15  4  9  7 20 23
 20  2 22  5 12 24 12  5  6 19  2 24  9 24  0  5  5 16 10  6  1  6 23 20
 19 20 24 22]",SA,500,500
63,8,34749.0,0.03161870399981126,"[ 7 12 23  6 19  5 14  9  5  1 17  3  5 11 15 16 23 16 20  2  2 14 17 20
 23  6 24  1 11  6  5 19  2 11 11 15 15 11  3 22 10 16 17 10  5 22 12 23
  0  9 12 11 20 23  8 23 14 22 12 22 15 21 13 16 12 22 15  4  9  7 20 23
 20  2 22  5 12 24 12  5  6 19  2 24  9 24  0  5  5 16 10  9  1  6 23 20
 19 20 24 22]",SA,500,500
64,16,34620.0,0.04782011999986935,"[ 7 12 23  6 19  5 14  9  2  1 17  3  5 11 15 16 23 16 20  5  2 14 17 20
 23  6 24  1 11  6  5 19  2 13 11 15 15 11  3 22  5 16 17 10  5 22 12 23
  0  9 12 11 20 23  8 23 14 22 12 22 15 21 13 16 12 22 24  4  9  7 20 23
 20  2 22  5  7 24 12  5  6 19  2 24  9 24  0  5  5 16 10  9  1  6 23 20
 19 20 24 22]",SA,500,500
65,32,33665.0,0.07033009399992807,"[ 7  1 23  6 19  5 14  9  2  1 17  3  5 11 15 13 23 16 20  5  2 14 17 20
 23  6 24  1 11  6  5 19  2 13 11 15 15 13  3 22  5 16 17 10  5 22 12 23
  0  9 12 11 20 17  8 23 14 22 12 22 15 21 13 13 12 22 24  4  9  7 20  0
 20  2  3  5  7 24 12  5  7 17  2 24  9 24 16  5  5 16 10  9  1  6 23 20
 19 20 24 22]",SA,500,500
66,64,35140.0,0.1088929109998844,"[ 7  1 15  6 19 22 14 19  5  1 17  3  5 11 15 19 23 16 20  5 19  8 17 20
 23  5 24  1 11 19  5 19  3 13 11 15 15 13  3 17  5 17 17 10  5 22 12 23
  0  9  6 11 20 17  8 23 14 22 12 22 15 21 13 13 12 22 24  4  9  7 20  0
 20  0  3  5  7 19 12 12  2 17  2 24  9 24 16  5  5 24 10  9 23  3 23 20
 19 20 24 22]",SA,500,500
67,128,39018.0,0.17611228600003415,"[ 7  1 15  4 19 22 14 19  5 12 13 19  5  9 15  5 23 22 19  6 19  2 21 20
 23  5 22  1 14 19 19 19 14 15 11  9 15 13  3 17  1 17  9 10  5 22 17 23
 20  6  6 11 20 17  4 23 14 22 12 22  9 21 13 13 12 22 24 23  9  7 20  0
 20  0 17  8  7 19 22 12  2 10  2 24 10 24 16 16  5 24 16 11 19  3 23 20
 19 20 24  4]",SA,500,500
68,256,42268.0,0.3034010189999208,"[20  1 15 21 21 22 16 19  5  3 13 15  5  9 15  5 12 23 19  8 24  7 21 20
 23 12 22  1 14 19 18 19 14 15 11  8 17 17  3 12 24 17 18 10  5 22 19 20
 20  6  6 11 24 23  4 23 14 22 12 22  9 21 13 13 12 22 24 23 24  7  6  0
 20  0 17 11 21 19 21 23 20 10  5 24 20 24 16 16  8 24 16 11 19  7 17 20
 19 20 24  5]",SA,500,500
69,512,44040.0,0.5296124279998367,"[20 14 15 21 21 22 14 19  5  3 18 15  4  9 15  5 12 22 19  8 15  6 21 20
 23 12 22  1 15 19 18 19 14 15 11  8 22 17  3 12 24 17 22 10  5 22 19 20
 20  6  6 11 24 23  8 22 14 22 21 22 10 21 13 14 12 22 24 23 24  7  6 11
 20 14 17 11 21 19 21 23 20 10  5 24 20 24 16 16  4 24 16 11 16  7 17 20
 22 20 24  1]",SA,500,500
70,1024,44040.0,0.9991399779999028,"[20 14 15 21 21 22 14 19  5  3 18 15  4  9 15  5 12 22 19  8 15  6 21 20
 23 12 22  1 15 19 18 19 14 15 11  8 22 17  3 12 24 17 22 10  5 22 19 20
 20  6  6 11 24 23  8 22 14 22 21 22 10 21 13 14 12 22 24 23 24  7  6 11
 20 14 17 11 21 19 21 23 20 10  5 24 20 24 16 16  4 24 16 11 16  7 17 20
 22 20 24  1]",SA,500,500
71,2048,44040.0,0.9991399779999028,"[20 14 15 21 21 22 14 19  5  3 18 15  4  9 15  5 12 22 19  8 15  6 21 20
 23 12 22  1 15 19 18 19 14 15 11  8 22 17  3 12 24 17 22 10  5 22 19 20
 20  6  6 11 24 23  8 22 14 22 21 22 10 21 13 14 12 22 24 23 24  7  6 11
 20 14 17 11 21 19 21 23 20 10  5 24 20 24 16 16  4 24 16 11 16  7 17 20
 22 20 24  1]",SA,500,500
72,1,34396.0,0.002164929999935339,"[17  6 14 11  6 10 13 12  8 22  2 20 11 15 10 20  4  5 17 11 18 20  7 12
  4  3  1 22  7 18 19 22 14 24 19 20 12 22 17 22  4 12  3  6 10 13 18 13
 16  8  9 19 22  7 22 16 12  2 13 24 22  0 15  4 19  8  6 19 16 23 10 16
  2 12 23  1 21 16 16 19 15 11  2  8 22 18 24  5  1  0  6  5  7 14 15  9
  9 13 18 19]",SA,1000,1000
73,2,34396.0,0.012527049000027546,"[17  6 14 11  6 10 13 12  8 22  2 20 11 15 10 20  4  5 17 11 18 20  7 12
  4  3  1 22  7 18 19 22 14 24 19 20 12 22 17 22  4 12  3  6 10 13 18 13
 16  8  9 19 22  7 22 16 12  2 13 24 22  0 15  4 19  8  6 19 16 23 10 16
  2 12 23  1 21 16 16 19 15 11  2  8 22 18 24  5  1  0  6  5  7 14 15  9
  9 13 18 19]",SA,1000,1000
74,4,34846.0,0.020411563999914506,"[17  6 14 11  9 10 13 12  8 22  2 20 11 15 10 20  4  5 17 11 18 20  7 12
  4  3  1 22  7 18 19 22 23 24 19 20 12 22 17 22  4 12  3  6 10 13 18 13
 16  8  9 19 22  7 22 16 12  2 13 24 22  0 15  4 19  8  6 19 16 23 10 16
  2 12 23  1 21 16 16 19 15 11  2  8 22 18 24  5  1  0  6  5  7 14 15  9
  9 13 18 19]",SA,1000,1000
75,8,35233.0,0.031184472999939317,"[17  6 14 11  9 10 13 12  8 22  2 20 11 15 10 20  4  5 17 11 18 20  7 12
  4  3  1 22  7 18 19 22 23 24 19 20 12 22 17 22 19 12 18  6 10 13 18 13
 16  8  9 22 22  7 22 16 12  2 13 24 22  0 15  4 19  8  6 19 16 23 10 16
  2 12 23  1 21 16 16 19 15 11  2  8 22 18 24  5  1  0  6  5  7 14 15  9
  9 13 18 19]",SA,1000,1000
76,16,35123.0,0.051762435999989975,"[17  6 14 15  9 10 13 12  8 22  2 20 11  2 10 20  4  5 17 11 18 20  7 12
  4  3 18  6  7 18 19 22 23 24 19 20 12 22 17 18 19 12 18  6 10 13 18 11
 16  8 14 22 22  7 24 16 12  2 13 24 22  0 15  4 19  8  6 19 16 23 10 16
  2 12 23  1 21 16 16 19 15 11  2  8 22 18 24  5  1  0  6  5  7 14 15  9
  9 13 18 19]",SA,1000,1000
77,32,34579.0,0.07627874400009205,"[17  6 14 15  9 10 13 12  8 22  2 20  2  2  2 20  4  5 17 11 18 20  7 12
  4  3 18  6  7 18 21 22 23 24 19 20 12  2 17 18 12 12 18  6 10 13 22 11
 17  8 14 22 22  6 24 16 12 15 13 24 22  0 15  4 19  8  6 22 16 23 10 22
  2  3 23  1 21 16 19  7 15 11  2  8 22 18 24  5 14  0  6  5  7 14 15  9
  9 13 18 19]",SA,1000,1000
78,64,36293.0,0.1160388260000218,"[17  6  9 15 23 15 13 21  8 22  2 20  2  2  2 20  4 15 17 11 18 20 20 12
  4  3 18  6  7 20 15 22 23 24 10 20 12 13 17 18 12  9 18 14 10 13 22 11
 17 11  4 22 22  6 24 16 12 15 13 24 22  0 15  4 19 17  6 22 16 23  4 22
  2  3 23  3 21 10 18  7 15 11  2  8 22 18 24  5 14  1  6  5  7 14 16  9
  9 13 14 19]",SA,1000,1000
79,128,36643.0,0.19311894799989204,"[17  6  7 15 23 15 13  8  8 22 22 23  2 24  2  0  4 21 17  7 21  9 20 12
  4 15 18  1  3 20 15 18 20 24 22 11  3 12 17 12 21  9 18  9 10 13 22 11
 17 17  4 13  9  6 24 16 12 15 21 24 22  0  0 20 19 14 20 10 16 23  4 22
  2 23 23  3 21 24 18  7 15 11  2  8 22 18 24  5 14  1  6  5  7  2 16 21
 18 13 14 19]",SA,1000,1000
80,256,42191.0,0.3247616819999166,"[18  6 21 15 23 16 10  8 16 22 22 23 12 13 19 14  4 21 20  7 16 19 22 20
  9 21 18  5  3  1 16 24 23 24 22  9 13 12 17  9 21  8 18  9 17 13 24  8
 17  4  9  7 20  6 24 16 23 16 21 24 22 12  1 20 19 22 17 10 16 24 24 22
  3 22 23  3 21 24 10  5 15 16  5  8 22 18 19 23 15  1 13  5  1 18 12 16
 18 13 18 18]",SA,1000,1000
81,512,44385.0,0.5763327740000932,"[21 15 23 18 23 19 12  9 16 22 22 23  0 11 19 14 15 18 18  7  9 21 22 20
  9 21 18  5  3  2 16 24 24 24 22  9 22 12 17  9 22 24 19 13 17 13 24  8
 17  4  9  8 15  6 20 13 23 16 21 24 22 12  1 24 19 22 17 15 11 24 24 22
 14 22 23  3 21 24 10  4 22 16  5  8 20 18 19 23 15  1 13  5  1 18  7 12
 18 15 19 14]",SA,1000,1000
82,1024,44385.0,0.9708442749999904,"[21 15 23 18 23 19 12  9 16 22 22 23  0 11 19 14 15 18 18  7  9 21 22 20
  9 21 18  5  3  2 16 24 24 24 22  9 22 12 17  9 22 24 19 13 17 13 24  8
 17  4  9  8 15  6 20 13 23 16 21 24 22 12  1 24 19 22 17 15 11 24 24 22
 14 22 23  3 21 24 10  4 22 16  5  8 20 18 19 23 15  1 13  5  1 18  7 12
 18 15 19 14]",SA,1000,1000
83,2048,44385.0,0.9708442749999904,"[21 15 23 18 23 19 12  9 16 22 22 23  0 11 19 14 15 18 18  7  9 21 22 20
  9 21 18  5  3  2 16 24 24 24 22  9 22 12 17  9 22 24 19 13 17 13 24  8
 17  4  9  8 15  6 20 13 23 16 21 24 22 12  1 24 19 22 17 15 11 24 24 22
 14 22 23  3 21 24 10  4 22 16  5  8 20 18 19 23 15  1 13  5  1 18  7 12
 18 15 19 14]",SA,1000,1000
84,1,31730.0,0.0011911379999673954,"[16 16  7 14  5 20  5  4  7  2  3  1 12  5 17  3 12 18  5  7 24  0 22 12
 12  0 23 11  3  6 16 18 18  5  5  4 17 11 14 19 17 20 20 18 23 24  1 15
 18 15  4 15  1 11  0 21  7 22 10  3 22  2 12  1 13  2  6 16  9 12 20 10
  3 14 21 17 13  0  2  8  7 19 21 16  9 23  0 14  3 14 18 22 17  0 21 13
 24 21  3  7]",SA,2500,2500
85,2,32210.0,0.009283623000101215,"[16 16  7 14  5 20  5  4  7  2  3  1 12  5 17  3 12 18  5  7 24  0 22 12
 12  0 23 11 23  6 16 18 18  5  5  4 17 11 14 19 17 20 20 18 23 24  1 15
 18 15  4 15  1 11  0 21  7 22 10  3 22  2 12  1 13  2  6 16  9 12 20 10
  3 14 21 17 13  0  2  8  7 19 21 16  9 23  0 14  3 14 18 22 17  0 21 13
 24 21  3  7]",SA,2500,2500
86,4,32345.0,0.01884756300000845,"[16 16 16 14  5 20  5  4  7  2  3  1 12  5 17  3 12 18  5  7 24  0 22 12
 12  0 23 11 23  6 16 18 18  5  5  4 17 11 14 19 17 20 20 18 23 24  1 15
 18 15  4 15  1 11  0 21  7 22 10  3 22  2 12  1 13  2  6 16  9 12 20 10
  3 14 21 17 13  0  2  8  7 19 21 16  9 23  0 14  3 14 18 22 17  0 21 13
 24 21  3  7]",SA,2500,2500
87,8,32015.0,0.027535605000139185,"[16 16 16 14  5 20  5  4  7  2  3  1 12  5  4  3 12 18  5  7 24  0 22 12
 12  0 23 11 23  6 16 18 18  5  5  4 17 11 14 19 17 20 20 18 23 24  1 15
 18 15  4 15  1 12  0 21  7 22 10  3 22  2 12  1 13  2  6 16  9 12 20 10
  3 14 21 17 13  0  2  8  7 19 21 16  9 23  0 14  3 14 18 22  9  0 21 13
 24 21  3  7]",SA,2500,2500
88,16,32009.0,0.043114574000128414,"[16 16 16 14  5 20  5  4  7  2  3  1 12  5  4  3 12 18 22  7 24  0 22 12
 12  0 23 11 23  3 16 18 17  5  5  4 17 11 14 19 17 20 20 18 23 24  1 15
 18 15  4 15  1 12  0 21  7 23 10  3 22  2 13  1 13  2  6 16  9 12 20  1
  3 14 21 17 13  0  2  8  7 19 21 16  9 23  0 14  3 14 18 22  9  0 21 13
 24 21  3  7]",SA,2500,2500
89,32,33277.0,0.0683550930000365,"[17 16 16 14 10 20  5  4  7  2  3  1 12  5  4  3 12 18 22 11 24  0 22  3
 12  0 23 11 23  3 16 18 17  5  5  4 24 11 14 19 17 20 20 18 23 24 16 24
 18 15  4 15  1 12  9 21  7 24 10  3 22  2 13  1 13 11  6 16  9 12 20  1
  3 14 21 17 13  0  2  8  6 16 21 16  6 23  0 14  3 14 12 22  9  0 23 13
 24 21  3  7]",SA,2500,2500
90,64,33900.0,0.1086677470000268,"[17 16 16 14 10 20 23 10  7  2  3  1 12  5  4 17 12 18 22 11 24  3 22 19
 12  0 23 11  1  3 16 18 17 13  5 10 24 11 14 19 17 20 24 23 23 24 16 24
 18  1  4 15  1 18  9 21  7 24  9  3 22  2  8  1 13 11  6 16  9  3 20  1
 13  8 21 17 13  0  2  7  6 22 12 16  4 23  9 14  2 14 12 22  9  0 12 13
 10 20  3  7]",SA,2500,2500
91,128,33602.0,0.1846226640000168,"[17 16 16 12 10 20 23 10  7 23  2  9  9  5 19 22 12  9 22 11 24  3 22 19
 17  0 10 11  1  3 16 18 10  3 15 10 24 11 14  9 13 20 24 11 23  0 21  7
 18 17  3 15  5 18  6 21  7 24  9 13 22  2 19  2 13  1  6 16  9  3 20  1
 12  8 21 12 13  0  3 14  9 22 12 16 21 12  9 14 13 21 12 22  9 10 12 13
  1 24  6  6]",SA,2500,2500
92,256,40425.0,0.31642059700016034,"[22 16 16 11 20 15 23 12 19 23  2 22  4  5 12 16 22 23 23 14 23 18 22 19
 17 15 11 18  3  0 16 21 17 20 15 17 14 22 21  9  7 20 20 19 23  0  8  7
 18 17 11  3  5 18 23 21  7 24  9  9 22 20 19  2 24  1  4 16 13 12 21  0
 24 20 21 23 15 10  3 17  7 12 11 16 22 22 11 14  9 10 12 22 17 10 12 11
  1 24  6 19]",SA,2500,2500
93,512,44904.0,0.5398921010000777,"[24 16 16 11 22 17 23 23 19 22  2 22  6 21 16 16 22 15  2 16 10 23 22  7
 17 15 12 22  3 11 15 21 17 22 22 17 14 23 21 10  7 20 21 19 23  0 19  5
 24  0 11  3  5 21 23  1 23 24  5  9 18 19  5 20 24  6 24 15 13  1 21 18
 23 20 21 23 15 10  3 24 23 12  9 16 22 22 11 18 22 16 12 14  2 16 13 11
 24 24  7  4]",SA,2500,2500
94,1024,45112.0,1.004036780999968,"[24 16 16 11 22 17 23 23 19 22  2 22  6 22 16 16 22 15  2 16 10 23 22  7
 17 15 12 22  3 11 15 21 17 22 22 17 14 23 21 10  7 20 21 19 23  0 19  5
 24  0 11  3  5 21 23  1 23 24  5  9 18 23  5 20 24  6 24 15 13  1 21 18
 23 20 21 23 15 10  3 24 23 12  9 16 22 22 11 18 22 16 12 14  2 16 13 11
 24 24  7  4]",SA,2500,2500
95,2048,45112.0,1.1854697480000596,"[24 16 16 11 22 17 23 23 19 22  2 22  6 22 16 16 22 15  2 16 10 23 22  7
 17 15 12 22  3 11 15 21 17 22 22 17 14 23 21 10  7 20 21 19 23  0 19  5
 24  0 11  3  5 21 23  1 23 24  5  9 18 23  5 20 24  6 24 15 13  1 21 18
 23 20 21 23 15 10  3 24 23 12  9 16 22 22 11 18 22 16 12 14  2 16 13 11
 24 24  7  4]",SA,2500,2500
96,1,32026.0,0.0011850799999137962,"[ 9 24  5 21  4  2 22 12 23 21  0  7  4  4  3 17 16  1  3  7 11 16  5  8
  3 13  1  6 10 18  5 18  0 21 10  3 12  4  7 21 23  6  0 23 11  9 23  0
  0 13 24  2 23 21 14 15 11  2  9 16 20 24  2 23 10 24  5 10  0 22 13  9
 14  3 24  0  2 11 12  7 13 22 12 12 19 21 10 12  8 19 19  3  3  6 23 11
  9  4 13 16]",SA,5000,5000
97,2,32481.0,0.008202007999898342,"[ 9 24  5 21  4  2 22 12 23 21  0  7  4  4  3 17 16  1  3  7 11 16  5  8
  3 13  1  6 10 18  5 18  0 21 10  3 12  4  7 21 23  6  0 23 11  9 23  0
  0 13 24  2 23 21 14 15 11  2  9 16 20 24  2 23 10 24  5 23  0 22 13  9
 14  3 24  0  2 11 12  7 13 22 12 12 19 21 10 12  8 19 19  3  3  6 23 11
  9  4 13 16]",SA,5000,5000
98,4,32257.0,0.02030863100003444,"[ 9 24  5 21  4  2 22 12 23 21  0  7  4  4  3 17 16  1  3  7 11 16  5  8
  3 13  1  6 10 18  5 18  0 21 10  3 12  4  7 21 23  6  0 23 11  9 23  0
  0 13 24  2 23 21 14 15 11  2  9 16 20 24  2  4 10 24  5 23  0 22 13  9
 14  3 24  0  2 11 12  7 13 22 12 12 19 21 10 12  8 19 19  3  3  6 23 11
  9  4 16 16]",SA,5000,5000
99,8,33475.0,0.035171891999880245,"[ 9 24  5 21  4  2 22 12 23 21  0  7  4  4  3 17 16  1  3  7 11 16  5  8
  3 21  1  6 10 18  5 18  0 21 10  3 12  4  7 21 23  6  0 23 11  9 23 21
  0 13 24  2 23 21 14 15 11 11  9 16 20 24  2  4 10 24  5 23  0 22 13  9
 14  3 24  0  2 11 12  7 13 22 12 12 19 21 10 12  8 19 19  3  3  6 23 11
  9 17 16 16]",SA,5000,5000
100,16,34664.0,0.04887886400001662,"[ 9 24  5 21  4  2 22 12 23 21  0  7  4  4  3 17 16 24  3  7 11 16  5  8
  3 21  1  6 10 18  5 18  0 21 10  3 19  4  7 21 23  6  0 11 11  9 23 21
  0 13 24  2 23 21 14 15 11 11  9 16 20 24  2  4 10 24  5 23  0 22 13 11
 14  3 24  0  2 11 12 17 13 22 12 12 19 21 10 22  8 19 19  3  3 15 23 11
  9 17 16 16]",SA,5000,5000
101,32,34508.0,0.0770040299998982,"[ 9 24  5  2  4  2 22 12 23 21  4  7  4  4  3 17 16 24  3  1 11 16  5 13
  3 17  1  6 10 18  5 18 19 23 10  3 19  4  7 12  6  6  0 11 11  9 23 21
  0 13 24  2 23 21 14 15 11 11  9 16 20 24  2 22 10 24  6 23  0 22 13 11
 19  3 24  0  2 11 12 17 13 22 12  4 19 21 10 22  8 19 19  5  8 15 23 11
  9 17 16 16]",SA,5000,5000
102,64,37109.0,0.11203599100008432,"[ 9 24 22  2  4  2 16 23 15  7  4  7 24  4  3 17 16 24 24 13  5 16  5 13
  3 17  1 20 10 18 10 18 21 23 14 11 19  4 21  8  6 24  0 22 11  9 24 21
  0 13 24  2 23 10 14 15 11 11  9 16 20 24 15 22 10 24  6 23  0 22 13 11
 18  3 24  0 17 11 10 17 13 22 12  4 19 21 10 11  8 19 19 24 16 15  9 11
  9  9 16 16]",SA,5000,5000
103,128,36889.0,0.18424535500003003,"[ 9 24  7  2 16  2 16 21 15  7  4 12 21  4  3 20 16 24  5  7  5 16  5 13
 12 17 24  3 17 18 10 18  6 23 14 11 19  4 21  8  9 24  0 19  7 13  8 21
 19 13 24  2 23  6 22  5 11 11 24 16 20  5 15 22 13  9 19 23  0 20 13 10
 14 21 24 12 17 11 17 14 23 15 17  0 19 21 10 11  8  9  2 18 16 15  9 11
 23  9 16 16]",SA,5000,5000
104,256,42176.0,0.32116903399992225,"[20 24  5 13 16 14 19 21 21  9 15  4  9 16  3 20 16 24 12 21  7 15 18 15
 12 15 20  3 17 11 10 13 24  2 14 11 19 12 18  4 20 24  0 19  7 13 23 17
 23 18 24 18 22  4 23 18 24 11 19 16 20  5 10 22 17 23 19 23  0 20 16  9
 14 21 24 13 17 11  7 23 11 19 12 14 19  3 10 23 23 14 14 18 19 22  7 24
  1 13 22 16]",SA,5000,5000
105,512,45537.0,0.5689784090000103,"[20 12 14 13 24 15 17 19 21 13 15  4  9 15 13 20 16 17 12 21  8 23 18 20
 15 15 22 18 17 16  1 13 24 24 14 11 24 10 18  4 23 24  0 23  7 17 24 17
 23 18 24 18 22  1 13  9 24  6 21 16 20  5 20 22 17 24 23 22  0 20 21 22
 14 21 24 23 17 11  7 13 15 19 12 14 19  3 15 23  0 24 14  3  7 23 13 18
 12 13 18 12]",SA,5000,5000
106,1024,46915.0,1.0267827449999913,"[21 12 14 13 24 23 17 20 21 13 15  4 13 15 13 17 16 18 12 21  7 23 18 20
 17 15 22 18 17 16  0 13 24 24 14  6 24 10 18  4 23 24  5 23  7 17 24 17
 23 17 24 18 22  1 14  9 24  6 23 17 20 17 22 22 17 24 24 22  0 20 21 22
 14 21 24 23 17 11  2 13 17 19 12 14 19  3 15 23  0 24 14  3  7 23 13 18
 12 13 19 12]",SA,5000,5000
107,2048,46915.0,1.2771979270000884,"[21 12 14 13 24 23 17 20 21 13 15  4 13 15 13 17 16 18 12 21  7 23 18 20
 17 15 22 18 17 16  0 13 24 24 14  6 24 10 18  4 23 24  5 23  7 17 24 17
 23 17 24 18 22  1 14  9 24  6 23 17 20 17 22 22 17 24 24 22  0 20 21 22
 14 21 24 23 17 11  2 13 17 19 12 14 19  3 15 23  0 24 14  3  7 23 13 18
 12 13 19 12]",SA,5000,5000
108,1,32772.0,0.0018213270000160264,"[23 23 16  7 13 22  0 23 10  9  9  3 21 17  5  8 16  5  8 18 20 12 11 18
 18  8  3 23  1  7 20 23 12 17 20  1 16 12 14 10  2 16 19 20 24  0  0  8
 21  7  9  2 13 16  3 19 14  7 10 10 23 22 12  8  3 10 13 19 21 13 15 11
  5  5 10  0  4 21 17 10 12  8  1  6  2  0  2 24 20 15 13 14  5 17 11  6
 11 11 14  7]",SA,10000,10000
109,2,32856.0,0.00897237600020162,"[23 23 16  7 13 22  0 23 10  9  9  3 21 17  5  8 16  5  8 18 20 12 11 18
 18  8  3 23  1  7 20 23 12 17 20  1 22 12 14 10  2 16 19 20 24  0  0  8
 21  7  9  2 13 16  3 19 14  7 10 10 23 22 12  8  3 10 13 19 21 13 15 11
  5  5 10  0  4 21 17 10 12  8  1  6  2  0  2 24 20 15 13 14  5 17 11  6
 11 11 14  7]",SA,10000,10000
110,4,32841.0,0.02151287400010915,"[23 23 16  7 13 22  0 23 10  9  9  3 21 17  5  8 16  5  8 18 20 12 11 18
 18  8  3 23  1  7 20 23 12 17 20  1 22 12 14 10  2 16 19 20 24  0  0  8
 21  7  9  5 13 16  3 19 14  7 10 10 23 22  3  8  3 10 13 19 21 13 15 11
  5  5 10  0  4 21 17 10 12  8  1  6  2  0  2 24 20 15 13 14  5 17 11  6
 11 11 14  7]",SA,10000,10000
111,8,32654.0,0.03266213900019466,"[23 23 16  7 13 22  0 23 10  9  9  3  3 17  5  8 16  5  8 18 20 12 11 18
 18  8  3 23  1  7 20 23 12 17 20  1 22 12 14 10  2 16 19 19 24  0  0  8
 21  7  9  2 13 16  3 19 14  7 10 10 23 22  3  8  3 10 13 19 21 13 15 11
  5  5 10  0  4 21 17 10 12  8  1  6  2  0  2 24 20 15 13 14  5 17 11  6
 11 11 14  7]",SA,10000,10000
112,16,33554.0,0.04672543400010909,"[23 23 16  7 13 22  0 23 15 20  9  3  3 17  5 16 16  5  8 18 20 12 11 18
 18  6  3 23  1  7 20 23 12 17 20 20 22 12 22 10  2 16 19 19 24  0  0  8
 21  7  9  2 13 16  3 19 14  7 10 10 23 22  3  8  3 10 13 19 21 13 15 11
  5  5 10  0  4 21 17 10 12  8  1  6  2  0  2 24 20 15 13 14  5 17 11  6
 11 11 14  7]",SA,10000,10000
113,32,33316.0,0.06711440500021126,"[23 23 16  7 23 22  0 22 15 20  9  3 19 22  5 16 16  5  8 18 20 12 11 18
 18  6  3 23  1  7 20 23 12  6 20 20 22 12 16 10 23 16 19 19 24  0  0  8
 21  7  9  4 13 11  3 19 14  7 10 10 23 22  3  8  3 10 13 19 21 13  9 18
  5  7 10  0  4 11 17 10 12  8 15  6  2  0  2 23 20 15 13 14  5 17 11  6
 11 11 14  7]",SA,10000,10000
114,64,34522.0,0.11182032600004277,"[23 23 16  7 23 22 24 22 15 13  9  3 19 11 15 16 16  0  8 10 20 12 11 18
 11 12  3 23 18  7 20 23 12  1 20  4 23 12 16 10 23 16 21 19 18  0  0  8
 11  4  9  4 13 10  3 21 20  7 10 10 14 22  3  8 16 10 13 19 21 13  9 18
  5  7 18  0  4 11 17 10  8 20 15  6  2 10  2 23 20 15 13 14  5 17  6  6
 21 11 14  7]",SA,10000,10000
115,128,34375.0,0.18654174600010265,"[18 11 16  8 23 15 24 17 15 13 20 22  7 11  7 17 16 15 20  4 20 12 11 18
 20 12  3 23 18  3  8 23 12  8 20  4 24 12 16 10  1  1  4 19 18 23  0  8
 11  4  9 15 19 10  8  8 20  7 10 10 14 22  2  8 16  2  3 19 10  2  2 11
 12 19 18 21  4 11  2 10  1 20 18  6  2 13  3 23 20 15 12  5  7  2  6  6
 21 11 19 16]",SA,10000,10000
116,256,39303.0,0.3407967750001717,"[12  6 19  6 23 19 20 17 15  4 18 11 22 14 23 24 20 15 23 13 20 11  6 21
 23 23 18  3 23  3  8 13 22  4 20 11 21 23 15 10  1  1 21  7 19 14 23  8
 11 18  9 10  2  9 14 20 17 19 10 10  3 22  9 24 16 21  9 19  5  2 17 11
 12 19 17 24  4 11  2 10 15 22  0  6  4 13 24 23 20 10 12 18 13 14 13 11
  6 23 23 16]",SA,10000,10000
117,512,45426.0,0.5946812310000951,"[23 20 18 11 15 23 23 18 13  4 18  3 13 15 22 24 18 17 13 22  9  8  6 20
 23 23 18 19 19 24  4 24 22 19 23  7  8  0 17 23  1  1 22  8 10 11 23 13
 19  8 12 10  9  9 13 21 17  9 20  9 22 22 20 24 20 21 24 20  5 10 13 11
 21 19 17  9 24 15 17 22 20  6  3 18 21 20 23 23 20 16 15 18 17  0 13  3
 23 10 15  9]",SA,10000,10000
118,1024,46846.0,0.986051008000004,"[23 20 18 11 24 23 23 18 13  4 18  3 13 16 23 24 18 17 13 22  9  8  6 20
 23 23 18 21 19 24  4 24 22 19 23  7 10  0 17 23  4 23 22  8 10 11 23 15
 19  8  7 10  9  9 13 20 18  9 20  9 22 23 20 24 20 21 23 20  4 10 14 11
 21 24 17  9 24 15 17 22 20  6  3 18 21 20 23 23 20 16 15 18 18  0 13  3
 22 10 15  9]",SA,10000,10000
119,2048,46846.0,1.2804611730000488,"[23 20 18 11 24 23 23 18 13  4 18  3 13 16 23 24 18 17 13 22  9  8  6 20
 23 23 18 21 19 24  4 24 22 19 23  7 10  0 17 23  4 23 22  8 10 11 23 15
 19  8  7 10  9  9 13 20 18  9 20  9 22 23 20 24 20 21 23 20  4 10 14 11
 21 24 17  9 24 15 17 22 20  6  3 18 21 20 23 23 20 16 15 18 18  0 13  3
 22 10 15  9]",SA,10000,10000
